0,0.00,24.91,24.30,24.80,24.91,25.07
1,0.15,24.64,24.09,24.62,24.69,24.87
2,0.30,24.34,23.88,24.41,24.46,24.64
3,0.45,24.07,23.69,24.20,24.24,24.42
4,0.60,23.87,23.57,24.02,24.06,24.24
5,0.75,23.79,23.52,23.89,23.92,24.13
6,0.90,23.79,23.53,23.79,23.83,24.08
7,1.05,23.82,23.55,23.71,23.76,24.04
8,1.20,23.81,23.54,23.64,23.67,24.00
9,1.35,23.75,23.48,23.56,23.56,23.94
10,1.50,23.65,23.41,23.49,23.47,23.87
11,1.65,23.53,23.34,23.44,23.39,23.79
12,1.80,23.39,23.28,23.42,23.35,23.72
13,1.95,23.26,23.25,23.42,23.33,23.64
14,2.10,23.13,23.24,23.43,23.31,23.58
15,2.25,23.02,23.24,23.44,23.28,23.51
16,2.40,22.92,23.25,23.44,23.23,23.45
17,2.55,22.83,23.25,23.42,23.16,23.38
18,2.70,22.73,23.24,23.35,23.07,23.30
19,2.85,22.63,23.22,23.23,22.97,23.20
20,3.00,22.54,23.18,23.10,22.88,23.10
21,3.15,22.48,23.15,22.98,22.81,23.01
22,3.30,22.48,23.13,22.92,22.79,22.95
23,3.45,22.53,23.13,22.91,22.80,22.91
24,3.60,22.62,23.13,22.93,22.83,22.90
25,3.75,22.74,23.15,22.97,22.86,22.92
26,3.90,22.85,23.17,23.00,22.88,22.96
27,4.05,22.94,23.18,23.03,22.88,23.01
28,4.20,22.97,23.17,23.04,22.86,23.03
29,4.35,22.92,23.12,23.03,22.82,23.01
30,4.50,22.82,23.05,22.99,22.78,22.97
31,4.65,22.69,22.99,22.96,22.75,22.92
32,4.80,22.58,22.95,22.94,22.74,22.88
33,4.95,22.51,22.94,22.93,22.77,22.87
34,5.10,22.46,22.96,22.94,22.82,22.89
35,5.25,22.42,22.98,22.94,22.88,22.92
36,5.40,22.40,23.00,22.93,22.93,22.97
37,5.55,22.37,23.01,22.93,22.97,23.03
38,5.70,22.35,23.01,22.92,23.00,23.07
39,5.85,22.34,23.00,22.93,23.02,23.10
40,6.00,22.32,22.98,22.95,23.04,23.10
41,6.15,22.32,22.95,22.99,23.04,23.09
42,6.30,22.32,22.91,23.03,23.05,23.05
43,6.45,22.32,22.87,23.08,23.04,23.01
44,6.60,22.33,22.82,23.12,23.03,22.96
45,6.75,22.33,22.78,23.14,23.02,22.93
46,6.90,22.32,22.75,23.12,22.99,22.90
47,7.05,22.31,22.72,23.07,22.96,22.90
48,7.20,22.30,22.70,23.02,22.94,22.91
49,7.35,22.31,22.68,22.98,22.92,22.93
50,7.50,22.33,22.68,22.96,22.91,22.96
51,7.65,22.36,22.68,22.95,22.91,23.00
52,7.80,22.42,22.68,22.96,22.91,23.02
53,7.95,22.50,22.69,22.96,22.90,23.04
54,8.10,22.58,22.70,22.98,22.88,23.04
55,8.25,22.67,22.72,23.00,22.86,23.04
56,8.40,22.75,22.75,23.02,22.84,23.03
57,8.55,22.83,22.79,23.05,22.83,23.02
58,8.70,22.92,22.83,23.08,22.81,23.01
59,8.85,23.01,22.87,23.08,22.80,22.99
60,9.00,23.12,22.89,23.08,22.78,22.95
61,9.15,23.24,22.91,23.06,22.76,22.92
62,9.30,23.36,22.92,23.03,22.75,22.90
63,9.45,23.46,22.93,23.00,22.76,22.90
64,9.60,23.55,22.93,22.97,22.77,22.92
65,9.75,23.60,22.94,22.95,22.79,22.95
66,9.90,23.62,22.95,22.96,22.80,22.98
67,10.05,23.60,22.96,22.98,22.81,23.02
68,10.20,23.55,22.98,23.02,22.81,23.06
69,10.35,23.49,23.01,23.05,22.81,23.10
70,10.50,23.42,23.05,23.06,22.80,23.14
71,10.65,23.37,23.09,23.07,22.79,23.17
72,10.80,23.34,23.13,23.06,22.80,23.17
73,10.95,23.35,23.15,23.05,22.83,23.14
74,11.10,23.38,23.17,23.03,22.87,23.08
75,11.25,23.42,23.17,23.01,22.92,23.02
76,11.40,23.45,23.19,22.99,22.97,22.96
77,11.55,23.43,23.20,22.97,23.00,22.94
78,11.70,23.40,23.22,22.95,23.02,22.94
79,11.85,23.34,23.23,22.93,23.04,22.95
80,12.00,23.29,23.23,22.91,23.05,22.96
81,12.15,23.24,23.22,22.90,23.06,22.98
82,12.30,23.21,23.20,22.90,23.07,22.98
83,12.45,23.18,23.19,22.92,23.11,22.99
84,12.60,23.16,23.18,22.95,23.16,22.98
85,12.75,23.14,23.18,22.98,23.22,22.98
86,12.90,23.11,23.20,23.00,23.26,22.97
87,13.05,23.06,23.23,22.99,23.27,22.98
88,13.20,23.01,23.26,22.94,23.26,23.00
89,13.35,22.99,23.27,22.89,23.23,23.00
90,13.50,23.02,23.25,22.85,23.21,22.99
91,13.65,23.11,23.18,22.81,23.21,22.96
92,13.80,23.22,23.10,22.80,23.22,22.91
93,13.95,23.34,23.02,22.82,23.23,22.86
94,14.10,23.42,22.96,22.87,23.23,22.83
95,14.25,23.46,22.92,22.93,23.23,22.81
96,14.40,23.47,22.92,22.99,23.22,22.81
97,14.55,23.44,22.93,23.03,23.20,22.86
98,14.70,23.39,22.96,23.05,23.17,22.93
99,14.85,23.34,22.99,23.05,23.15,23.01
100,15.00,23.32,23.00,23.04,23.14,23.08
101,15.15,23.33,22.99,23.03,23.17,23.13
102,15.30,23.38,22.96,23.01,23.21,23.16
103,15.45,23.44,22.93,23.00,23.24,23.18
104,15.60,23.49,22.90,22.98,23.25,23.20
105,15.75,23.52,22.89,22.97,23.24,23.21
106,15.90,23.53,22.89,22.95,23.21,23.22
107,16.05,23.51,22.88,22.94,23.17,23.24
108,16.20,23.46,22.88,22.93,23.13,23.25
109,16.35,23.39,22.86,22.94,23.10,23.26
110,16.50,23.35,22.84,22.97,23.09,23.26
111,16.65,23.34,22.80,23.03,23.11,23.25
112,16.80,23.36,22.76,23.11,23.15,23.24
113,16.95,23.35,22.73,23.18,23.19,23.24
114,17.10,23.29,22.76,23.24,23.21,23.27
115,17.25,23.16,22.82,23.27,23.21,23.31
116,17.40,22.99,22.90,23.27,23.18,23.38
117,17.55,22.82,22.99,23.26,23.15,23.43
118,17.70,22.67,23.05,23.23,23.13,23.48
119,17.85,22.55,23.07,23.18,23.10,23.49
120,18.00,22.47,23.04,23.14,23.06,23.48
121,18.15,22.44,22.96,23.10,23.01,23.42
122,18.30,22.44,22.83,23.06,22.95,23.34
123,18.45,22.47,22.70,23.04,22.89,23.25
124,18.60,22.52,22.61,23.04,22.85,23.18
125,18.75,22.55,22.57,23.06,22.81,23.14
126,18.90,22.57,22.56,23.08,22.79,23.12
127,19.05,22.55,22.54,23.08,22.75,23.09
128,19.20,22.49,22.49,23.04,22.70,23.03
129,19.35,22.40,22.41,22.97,22.63,22.94
130,19.50,22.30,22.31,22.87,22.54,22.83
131,19.65,22.23,22.21,22.75,22.43,22.72
132,19.80,22.20,22.13,22.64,22.32,22.62
133,19.95,22.22,22.10,22.56,22.26,22.57
134,20.10,22.28,22.12,22.56,22.28,22.61
135,20.25,22.37,22.21,22.66,22.40,22.73
136,20.40,22.48,22.30,22.77,22.57,22.88
137,20.55,22.58,22.32,22.78,22.66,22.94
138,20.70,22.64,22.17,22.58,22.55,22.79
139,20.85,22.65,21.88,22.18,22.26,22.45
140,21.00,22.62,21.56,21.75,21.92,22.05
141,21.15,22.55,21.36,21.44,21.67,21.77
142,21.30,22.48,21.36,21.41,21.64,21.71
143,21.45,22.47,21.59,21.64,21.86,21.92
144,21.60,22.61,22.02,22.11,22.32,22.39
145,21.75,22.99,22.65,22.77,23.02,23.12
146,21.90,23.58,23.40,23.58,23.90,24.04
147,22.05,24.26,24.21,24.43,24.85,25.03
148,22.20,24.91,24.98,25.26,25.73,25.95
149,22.35,25.61,25.77,26.10,26.59,26.83
150,22.50,26.92,27.02,27.39,27.84,28.09
151,22.65,29.53,29.24,29.60,30.00,30.25
152,22.80,33.98,32.83,33.12,33.47,33.69
153,22.95,39.10,36.80,36.97,37.26,37.43
154,23.10,42.48,39.22,39.25,39.51,39.59
155,23.25,41.62,38.10,38.03,38.28,38.23
156,23.40,35.99,33.07,32.97,33.24,33.07
157,23.55,28.20,26.34,26.27,26.54,26.30
158,23.70,20.84,20.06,20.08,20.30,20.13
159,23.85,15.81,15.85,16.02,16.12,16.16
160,24.00,13.31,13.83,14.16,14.11,14.43
161,24.15,13.13,13.73,14.20,14.02,14.57
162,24.30,15.14,15.33,15.89,15.66,16.26
163,24.45,18.69,18.09,18.65,18.44,18.93
164,24.60,22.40,20.98,21.44,21.32,21.61
165,24.75,24.73,22.88,23.15,23.12,23.22
166,24.90,24.59,23.02,22.98,23.05,23.08
167,25.05,22.86,21.98,21.64,21.75,21.80
168,25.20,20.82,20.66,20.12,20.23,20.35
169,25.35,19.66,19.89,19.33,19.41,19.57
170,25.50,19.61,19.84,19.43,19.45,19.63
171,25.65,20.22,20.23,20.05,19.98,20.17
172,25.80,21.04,20.74,20.78,20.65,20.84
173,25.95,21.74,21.15,21.33,21.18,21.36
174,26.10,22.22,21.43,21.67,21.53,21.70
175,26.25,22.44,21.54,21.80,21.70,21.81
176,26.40,22.36,21.50,21.71,21.67,21.71
177,26.55,22.08,21.35,21.49,21.53,21.46
178,26.70,21.76,21.19,21.28,21.36,21.20
179,26.85,21.55,21.09,21.19,21.27,21.07
180,27.00,21.53,21.09,21.27,21.30,21.11
181,27.15,21.61,21.14,21.43,21.39,21.23
182,27.30,21.70,21.20,21.60,21.50,21.35
183,27.45,21.74,21.22,21.71,21.57,21.38
184,27.60,21.72,21.20,21.75,21.61,21.35
185,27.75,21.67,21.18,21.76,21.63,21.29
186,27.90,21.61,21.18,21.77,21.66,21.24
187,28.05,21.54,21.20,21.78,21.70,21.22
188,28.20,21.46,21.23,21.79,21.72,21.23
189,28.35,21.36,21.27,21.80,21.73,21.25
190,28.50,21.23,21.30,21.80,21.72,21.27
191,28.65,21.10,21.32,21.77,21.68,21.29
192,28.80,21.01,21.34,21.73,21.65,21.30
193,28.95,20.99,21.36,21.65,21.63,21.28
194,29.10,21.02,21.38,21.56,21.63,21.26
195,29.25,21.09,21.40,21.47,21.65,21.23
196,29.40,21.16,21.44,21.42,21.68,21.24
197,29.55,21.22,21.48,21.40,21.72,21.27
198,29.70,21.24,21.51,21.41,21.75,21.33
199,29.85,21.22,21.50,21.42,21.74,21.39
200,30.00,21.14,21.45,21.41,21.69,21.44
201,30.15,21.04,21.36,21.37,21.60,21.48
202,30.30,20.95,21.25,21.31,21.48,21.50
203,30.45,20.90,21.15,21.23,21.37,21.49
204,30.60,20.91,21.07,21.15,21.26,21.45
205,30.75,20.97,21.02,21.06,21.17,21.41
206,30.90,21.06,21.01,20.98,21.12,21.36
207,31.05,21.16,21.02,20.93,21.11,21.31
208,31.20,21.26,21.06,20.89,21.12,21.27
209,31.35,21.33,21.09,20.86,21.12,21.23
210,31.50,21.35,21.09,20.83,21.09,21.18
211,31.65,21.33,21.06,20.80,21.03,21.12
212,31.80,21.29,21.02,20.78,20.96,21.06
213,31.95,21.27,20.98,20.78,20.91,21.02
214,32.10,21.28,20.96,20.79,20.88,21.00
215,32.25,21.32,20.95,20.82,20.88,20.99
216,32.40,21.34,20.95,20.85,20.90,21.01
217,32.55,21.32,20.94,20.89,20.92,21.03
218,32.70,21.26,20.94,20.93,20.96,21.06
219,32.85,21.19,20.93,20.97,20.99,21.08
220,33.00,21.12,20.91,20.99,21.01,21.07
221,33.15,21.08,20.89,21.01,21.03,21.03
222,33.30,21.06,20.88,21.02,21.04,20.97
223,33.45,21.08,20.88,21.03,21.07,20.91
224,33.60,21.12,20.90,21.06,21.12,20.85
225,33.75,21.18,20.93,21.09,21.17,20.81
226,33.90,21.24,20.97,21.11,21.23,20.80
227,34.05,21.29,21.00,21.12,21.26,20.82
228,34.20,21.31,21.03,21.12,21.28,20.88
229,34.35,21.30,21.04,21.10,21.26,20.96
230,34.50,21.27,21.05,21.08,21.23,21.04
231,34.65,21.21,21.07,21.06,21.17,21.10
232,34.80,21.14,21.08,21.05,21.11,21.16
233,34.95,21.09,21.10,21.05,21.07,21.20
234,35.10,21.06,21.12,21.08,21.08,21.24
235,35.25,21.07,21.13,21.13,21.13,21.26
236,35.40,21.10,21.14,21.18,21.20,21.27
237,35.55,21.13,21.12,21.21,21.25,21.27
238,35.70,21.14,21.07,21.21,21.28,21.25
239,35.85,21.15,21.01,21.19,21.28,21.23
240,36.00,21.14,20.96,21.16,21.27,21.21
241,36.15,21.14,20.93,21.12,21.24,21.21
242,36.30,21.12,20.93,21.10,21.22,21.23
243,36.45,21.09,20.94,21.08,21.21,21.25
244,36.60,21.04,20.96,21.09,21.21,21.29
245,36.75,20.96,20.97,21.11,21.24,21.33
246,36.90,20.88,20.98,21.14,21.26,21.36
247,37.05,20.82,20.97,21.17,21.28,21.38
248,37.20,20.80,20.96,21.19,21.26,21.38
249,37.35,20.81,20.94,21.19,21.22,21.37
250,37.50,20.85,20.93,21.19,21.18,21.35
251,37.65,20.90,20.95,21.19,21.16,21.31
252,37.80,20.97,20.98,21.20,21.16,21.28
253,37.95,21.02,21.01,21.20,21.18,21.25
254,38.10,21.05,21.03,21.20,21.21,21.22
255,38.25,21.05,21.02,21.19,21.25,21.21
256,38.40,21.03,20.99,21.18,21.29,21.21
257,38.55,21.01,20.95,21.16,21.33,21.22
258,38.70,21.01,20.90,21.13,21.37,21.23
259,38.85,21.04,20.85,21.11,21.39,21.24
260,39.00,21.08,20.82,21.10,21.41,21.25
261,39.15,21.12,20.81,21.08,21.43,21.27
262,39.30,21.17,20.82,21.07,21.45,21.29
263,39.45,21.21,20.85,21.05,21.46,21.30
264,39.60,21.27,20.89,21.05,21.47,21.30
265,39.75,21.33,20.93,21.04,21.48,21.29
266,39.90,21.41,20.97,21.04,21.47,21.27
267,40.05,21.51,21.00,21.04,21.44,21.24
268,40.20,21.64,21.02,21.04,21.39,21.23
269,40.35,21.79,21.04,21.05,21.33,21.23
270,40.50,21.92,21.06,21.06,21.26,21.24
271,40.65,22.00,21.07,21.06,21.21,21.27
272,40.80,22.00,21.06,21.07,21.20,21.30
273,40.95,21.92,21.05,21.07,21.21,21.33
274,41.10,21.78,21.04,21.07,21.25,21.34
275,41.25,21.60,21.02,21.06,21.31,21.33
276,41.40,21.41,20.99,21.05,21.37,21.29
277,41.55,21.26,20.97,21.06,21.42,21.24
278,41.70,21.18,20.93,21.08,21.45,21.20
279,41.85,21.21,20.90,21.12,21.45,21.16
280,42.00,21.30,20.88,21.17,21.43,21.15
281,42.15,21.40,20.86,21.21,21.39,21.15
282,42.30,21.47,20.87,21.22,21.35,21.17
283,42.45,21.49,20.89,21.20,21.32,21.19
284,42.60,21.48,20.92,21.17,21.28,21.22
285,42.75,21.45,20.94,21.12,21.25,21.22
286,42.90,21.40,20.94,21.08,21.22,21.21
287,43.05,21.35,20.93,21.04,21.20,21.18
288,43.20,21.29,20.91,21.04,21.18,21.15
289,43.35,21.23,20.88,21.06,21.17,21.11
290,43.50,21.16,20.84,21.12,21.16,21.09
291,43.65,21.09,20.81,21.17,21.15,21.07
292,43.80,21.01,20.81,21.22,21.15,21.07
293,43.95,20.93,20.82,21.25,21.15,21.08
294,44.10,20.87,20.86,21.26,21.15,21.10
295,44.25,20.82,20.90,21.26,21.14,21.12
296,44.40,20.82,20.94,21.25,21.14,21.14
297,44.55,20.87,20.97,21.24,21.12,21.16
298,44.70,20.94,21.00,21.25,21.10,21.19
299,44.85,21.06,21.01,21.29,21.06,21.24
300,45.00,21.18,21.00,21.35,21.02,21.29
301,45.15,21.28,20.99,21.42,20.98,21.34
302,45.30,21.31,20.98,21.48,20.96,21.36
303,45.45,21.26,20.96,21.51,20.97,21.35
304,45.60,21.14,20.95,21.51,20.99,21.31
305,45.75,21.00,20.94,21.50,21.02,21.26
306,45.90,20.89,20.93,21.49,21.04,21.20
307,46.05,20.81,20.93,21.47,21.06,21.15
308,46.20,20.77,20.93,21.46,21.06,21.13
309,46.35,20.79,20.94,21.46,21.07,21.13
310,46.50,20.87,20.96,21.47,21.06,21.18
311,46.65,20.97,20.99,21.49,21.06,21.25
312,46.80,21.08,21.01,21.49,21.05,21.32
313,46.95,21.18,21.03,21.48,21.03,21.37
314,47.10,21.25,21.05,21.46,21.02,21.41
315,47.25,21.29,21.05,21.43,21.03,21.43
316,47.40,21.31,21.04,21.41,21.05,21.44
317,47.55,21.31,21.01,21.40,21.10,21.43
318,47.70,21.30,20.97,21.40,21.14,21.42
319,47.85,21.30,20.94,21.41,21.19,21.42
320,48.00,21.29,20.92,21.43,21.22,21.42
321,48.15,21.30,20.90,21.44,21.24,21.43
322,48.30,21.32,20.89,21.44,21.25,21.43
323,48.45,21.34,20.89,21.42,21.25,21.42
324,48.60,21.37,20.91,21.38,21.25,21.39
325,48.75,21.41,20.93,21.34,21.25,21.35
326,48.90,21.43,20.97,21.31,21.23,21.31
327,49.05,21.45,21.01,21.29,21.21,21.27
328,49.20,21.46,21.05,21.28,21.19,21.24
329,49.35,21.45,21.08,21.29,21.16,21.24
330,49.50,21.43,21.10,21.32,21.12,21.26
331,49.65,21.39,21.09,21.34,21.09,21.30
332,49.80,21.33,21.07,21.37,21.06,21.32
333,49.95,21.27,21.04,21.39,21.04,21.32
334,50.10,21.20,21.00,21.40,21.03,21.27
335,50.25,21.13,20.96,21.39,21.04,21.20
336,50.40,21.08,20.92,21.39,21.06,21.13
337,50.55,21.06,20.89,21.39,21.08,21.08
338,50.70,21.06,20.87,21.39,21.11,21.05
339,50.85,21.08,20.86,21.39,21.14,21.04
340,51.00,21.12,20.86,21.38,21.14,21.04
341,51.15,21.17,20.87,21.36,21.12,21.04
342,51.30,21.22,20.89,21.33,21.10,21.04
343,51.45,21.25,20.92,21.29,21.07,21.03
344,51.60,21.25,20.96,21.25,21.04,21.00
345,51.75,21.24,21.00,21.22,21.02,20.96
346,51.90,21.20,21.02,21.18,21.02,20.92
347,52.05,21.16,21.01,21.14,21.04,20.89
348,52.20,21.12,20.98,21.11,21.07,20.87
349,52.35,21.11,20.94,21.08,21.11,20.87
350,52.50,21.14,20.91,21.05,21.15,20.89
351,52.65,21.21,20.90,21.02,21.18,20.94
352,52.80,21.32,20.90,20.99,21.21,20.99
353,52.95,21.42,20.91,20.98,21.23,21.03
354,53.10,21.51,20.94,20.99,21.26,21.04
355,53.25,21.57,20.96,21.02,21.28,21.04
356,53.40,21.59,20.99,21.06,21.31,21.02
357,53.55,21.57,21.01,21.12,21.32,21.02
358,53.70,21.51,21.04,21.18,21.33,21.03
359,53.85,21.44,21.06,21.25,21.34,21.06
360,54.00,21.38,21.10,21.31,21.35,21.09
361,54.15,21.36,21.15,21.36,21.36,21.13
362,54.30,21.36,21.22,21.40,21.38,21.17
363,54.45,21.38,21.27,21.43,21.42,21.20
364,54.60,21.40,21.30,21.45,21.46,21.22
365,54.75,21.40,21.32,21.47,21.52,21.23
366,54.90,21.40,21.30,21.48,21.57,21.24
367,55.05,21.39,21.27,21.50,21.61,21.26
368,55.20,21.37,21.22,21.51,21.62,21.28
369,55.35,21.34,21.18,21.52,21.62,21.32
370,55.50,21.32,21.15,21.54,21.60,21.36
371,55.65,21.31,21.17,21.55,21.58,21.41
372,55.80,21.31,21.21,21.55,21.57,21.47
373,55.95,21.31,21.26,21.55,21.56,21.52
374,56.10,21.30,21.31,21.55,21.56,21.56
375,56.25,21.28,21.34,21.55,21.58,21.58
376,56.40,21.26,21.34,21.55,21.61,21.60
377,56.55,21.24,21.34,21.54,21.62,21.61
378,56.70,21.24,21.33,21.52,21.62,21.61
379,56.85,21.25,21.32,21.51,21.61,21.61
380,57.00,21.30,21.32,21.48,21.59,21.60
381,57.15,21.37,21.35,21.46,21.59,21.60
382,57.30,21.47,21.39,21.43,21.59,21.60
383,57.45,21.56,21.44,21.39,21.59,21.60
384,57.60,21.63,21.45,21.34,21.58,21.59
385,57.75,21.64,21.42,21.29,21.55,21.57
386,57.90,21.62,21.36,21.24,21.51,21.54
387,58.05,21.59,21.30,21.21,21.46,21.51
388,58.20,21.57,21.25,21.20,21.42,21.49
389,58.35,21.56,21.22,21.20,21.39,21.47
390,58.50,21.53,21.19,21.19,21.37,21.44
391,58.65,21.47,21.13,21.14,21.33,21.38
392,58.80,21.36,21.04,21.05,21.28,21.27
393,58.95,21.22,20.96,20.97,21.24,21.16
394,59.10,21.09,20.89,20.92,21.21,21.07
395,59.25,20.97,20.88,20.95,21.23,21.04
396,59.40,20.90,20.91,21.04,21.27,21.07
397,59.55,20.87,20.92,21.14,21.31,21.11
398,59.70,20.90,20.89,21.20,21.33,21.13
399,59.85,20.94,20.79,21.18,21.30,21.12
400,60.00,20.89,20.61,21.07,21.23,21.04
401,60.15,20.62,20.37,20.87,21.12,20.87
402,60.30,20.07,20.07,20.57,20.97,20.62
403,60.45,19.41,19.81,20.29,20.85,20.37
404,60.60,18.88,19.70,20.17,20.82,20.25
405,60.75,18.75,19.86,20.34,20.98,20.39
406,60.90,19.21,20.42,20.96,21.45,20.97
407,61.05,20.45,21.58,22.18,22.46,22.18
408,61.20,22.65,23.52,24.17,24.23,24.26
409,61.35,25.89,26.36,27.02,26.89,27.33
410,61.50,29.86,29.86,30.51,30.25,31.06
411,61.65,34.09,33.73,34.32,33.99,35.02
412,61.80,38.09,37.61,38.10,37.80,38.74
413,61.95,41.56,41.22,41.58,41.36,41.94
414,62.10,44.32,44.28,44.51,44.39,44.49
415,62.25,46.22,46.51,46.66,46.55,46.27
416,62.40,47.10,47.66,47.79,47.59,47.13
417,62.55,46.87,47.56,47.76,47.38,46.95
418,62.70,45.46,46.10,46.43,45.85,45.61
419,62.85,42.85,43.24,43.76,42.99,43.04
420,63.00,39.27,39.27,40.00,39.10,39.47
421,63.15,35.04,34.62,35.55,34.62,35.23
422,63.30,30.47,29.70,30.78,29.95,30.63
423,63.45,25.99,24.98,26.15,25.52,26.11
424,63.60,22.14,21.02,22.22,21.83,22.24
425,63.75,19.46,18.34,19.50,19.34,19.57
426,63.90,18.31,17.31,18.37,18.40,18.48
427,64.05,18.56,17.76,18.67,18.85,18.78
428,64.20,19.90,19.37,20.11,20.44,20.11
429,64.35,22.10,21.87,22.41,22.93,22.18
430,64.50,25.18,25.25,25.60,26.32,24.99
431,64.65,29.42,29.76,29.95,30.86,28.93
432,64.80,35.17,35.70,35.83,36.84,34.42
433,64.95,42.61,43.22,43.40,44.40,41.71
434,65.10,51.16,51.76,52.10,52.97,50.25
435,65.25,59.98,60.48,61.08,61.70,59.18
436,65.40,68.04,68.40,69.30,69.57,67.49
437,65.55,74.41,74.59,75.82,75.67,74.21
438,65.70,78.24,78.27,79.75,79.19,78.42
439,65.85,78.75,78.66,80.24,79.35,79.25
440,66.00,75.62,75.47,76.99,75.91,76.30
441,66.15,69.36,69.21,70.59,69.42,70.10
442,66.30,60.70,60.57,61.83,60.63,61.38
443,66.45,50.46,50.37,51.59,50.38,51.01
444,66.60,40.12,40.05,41.31,40.10,40.50
445,66.75,31.10,31.03,32.36,31.14,31.32
446,66.90,24.51,24.39,25.80,24.56,24.62
447,67.05,20.57,20.36,21.82,20.56,20.60
448,67.20,18.63,18.32,19.76,18.50,18.58
449,67.35,18.14,17.72,19.04,17.81,17.98
450,67.50,18.60,18.10,19.17,18.02,18.26
451,67.65,19.58,19.04,19.77,18.78,19.04
452,67.80,20.67,20.14,20.53,19.77,19.96
453,67.95,21.46,20.99,21.12,20.67,20.68
454,68.10,21.82,21.46,21.43,21.33,21.06
455,68.25,21.85,21.59,21.52,21.70,21.17
456,68.40,21.67,21.44,21.45,21.75,21.08
457,68.55,21.39,21.11,21.30,21.50,20.88
458,68.70,21.11,20.75,21.14,21.14,20.66
459,68.85,20.94,20.52,21.06,20.85,20.52
460,69.00,20.98,20.54,21.12,20.81,20.55
461,69.15,21.18,20.78,21.29,21.00,20.72
462,69.30,21.43,21.10,21.49,21.27,20.93
463,69.45,21.63,21.35,21.63,21.48,21.09
464,69.60,21.72,21.45,21.66,21.54,21.15
465,69.75,21.74,21.44,21.62,21.52,21.15
466,69.90,21.73,21.37,21.57,21.46,21.12
467,70.05,21.73,21.29,21.53,21.41,21.09
468,70.20,21.74,21.22,21.51,21.37,21.09
469,70.35,21.76,21.17,21.50,21.33,21.09
470,70.50,21.78,21.15,21.48,21.28,21.09
471,70.65,21.78,21.15,21.46,21.22,21.09
472,70.80,21.78,21.18,21.43,21.15,21.09
473,70.95,21.75,21.20,21.40,21.10,21.09
474,71.10,21.72,21.20,21.38,21.07,21.09
475,71.25,21.68,21.18,21.36,21.06,21.09
476,71.40,21.64,21.15,21.35,21.05,21.08
477,71.55,21.62,21.11,21.34,21.04,21.05
478,71.70,21.61,21.07,21.34,21.02,21.01
479,71.85,21.60,21.03,21.33,21.00,20.97
480,72.00,21.59,21.00,21.32,20.99,20.95
481,72.15,21.55,20.98,21.30,20.99,20.95
482,72.30,21.52,20.98,21.28,21.00,20.97
483,72.45,21.49,20.98,21.27,21.02,21.01
484,72.60,21.50,20.98,21.25,21.06,21.06
485,72.75,21.51,20.97,21.23,21.10,21.10
486,72.90,21.51,20.94,21.21,21.15,21.13
487,73.05,21.48,20.90,21.18,21.18,21.12
488,73.20,21.40,20.85,21.15,21.20,21.08
489,73.35,21.29,20.80,21.11,21.21,21.02
490,73.50,21.16,20.78,21.08,21.23,20.97
491,73.65,21.03,20.79,21.06,21.26,20.95
492,73.80,20.90,20.84,21.05,21.31,20.96
493,73.95,20.80,20.89,21.06,21.37,20.98
494,74.10,20.73,20.93,21.08,21.44,21.01
495,74.25,20.71,20.94,21.12,21.50,21.04
496,74.40,20.70,20.94,21.15,21.55,21.07
497,74.55,20.68,20.92,21.18,21.58,21.09
498,74.70,20.64,20.88,21.18,21.57,21.09
499,74.85,20.59,20.84,21.17,21.53,21.09
500,75.00,20.54,20.82,21.15,21.49,21.08
501,75.15,20.50,20.84,21.12,21.46,21.08
502,75.30,20.48,20.90,21.08,21.43,21.09
503,75.45,20.50,20.97,21.05,21.41,21.10
504,75.60,20.55,21.02,21.03,21.41,21.09
505,75.75,20.64,21.03,21.04,21.41,21.07
506,75.90,20.75,21.02,21.06,21.41,21.04
507,76.05,20.84,20.99,21.08,21.41,21.02
508,76.20,20.89,20.94,21.08,21.40,21.00
509,76.35,20.90,20.89,21.08,21.39,20.99
510,76.50,20.91,20.86,21.08,21.37,20.99
511,76.65,20.94,20.84,21.08,21.34,21.01
512,76.80,20.99,20.84,21.09,21.33,21.04
513,76.95,21.06,20.85,21.11,21.31,21.06
514,77.10,21.13,20.86,21.13,21.29,21.06
515,77.25,21.20,20.85,21.17,21.27,21.05
516,77.40,21.26,20.83,21.21,21.24,21.02
517,77.55,21.30,20.81,21.24,21.22,20.98
518,77.70,21.33,20.80,21.27,21.20,20.97
519,77.85,21.34,20.79,21.29,21.19,20.96
520,78.00,21.33,20.80,21.29,21.18,20.97
521,78.15,21.31,20.82,21.30,21.19,20.98
522,78.30,21.28,20.86,21.31,21.20,21.00
523,78.45,21.23,20.90,21.32,21.22,21.01
524,78.60,21.17,20.92,21.34,21.23,21.01
525,78.75,21.09,20.90,21.36,21.24,21.01
526,78.90,21.00,20.85,21.39,21.25,21.00
527,79.05,20.91,20.80,21.42,21.25,21.01
528,79.20,20.84,20.76,21.45,21.26,21.02
529,79.35,20.80,20.76,21.47,21.28,21.06
530,79.50,20.79,20.79,21.49,21.30,21.10
531,79.65,20.81,20.82,21.52,21.33,21.15
532,79.80,20.86,20.87,21.55,21.35,21.19
533,79.95,20.91,20.91,21.60,21.37,21.23
534,80.10,20.96,20.95,21.64,21.38,21.27
535,80.25,20.97,20.98,21.66,21.38,21.30
536,80.40,20.94,21.00,21.67,21.36,21.33
537,80.55,20.90,21.02,21.67,21.33,21.36
538,80.70,20.86,21.02,21.66,21.32,21.39
539,80.85,20.85,21.03,21.64,21.31,21.42
540,81.00,20.85,21.03,21.62,21.32,21.45
541,81.15,20.86,21.01,21.59,21.32,21.47
542,81.30,20.88,20.97,21.56,21.32,21.47
543,81.45,20.90,20.93,21.52,21.31,21.46
544,81.60,20.91,20.88,21.48,21.30,21.44
545,81.75,20.93,20.83,21.43,21.28,21.43
546,81.90,20.96,20.80,21.39,21.28,21.43
547,82.05,21.00,20.78,21.35,21.28,21.43
548,82.20,21.06,20.78,21.32,21.30,21.42
549,82.35,21.15,20.81,21.32,21.34,21.39
550,82.50,21.26,20.85,21.32,21.38,21.36
551,82.65,21.35,20.90,21.31,21.41,21.35
552,82.80,21.40,20.93,21.29,21.41,21.35
553,82.95,21.41,20.95,21.24,21.37,21.39
554,83.10,21.38,20.95,21.18,21.31,21.43
555,83.25,21.33,20.95,21.13,21.24,21.47
556,83.40,21.28,20.96,21.09,21.17,21.46
557,83.55,21.24,20.97,21.07,21.12,21.43
558,83.70,21.22,20.98,21.07,21.08,21.39
559,83.85,21.23,20.99,21.09,21.08,21.33
560,84.00,21.26,21.00,21.12,21.11,21.29
561,84.15,21.30,21.01,21.16,21.15,21.25
562,84.30,21.33,21.02,21.18,21.19,21.23
563,84.45,21.33,21.04,21.19,21.22,21.24
564,84.60,21.32,21.08,21.19,21.23,21.27
565,84.75,21.30,21.12,21.19,21.24,21.31
566,84.90,21.28,21.18,21.21,21.25,21.34
567,85.05,21.27,21.24,21.24,21.26,21.37
568,85.20,21.27,21.31,21.28,21.28,21.38
569,85.35,21.28,21.38,21.34,21.32,21.37
570,85.50,21.29,21.43,21.40,21.37,21.36
571,85.65,21.30,21.46,21.45,21.41,21.34
572,85.80,21.28,21.46,21.49,21.42,21.33
573,85.95,21.22,21.41,21.50,21.40,21.34
574,86.10,21.14,21.34,21.49,21.35,21.35
575,86.25,21.07,21.25,21.47,21.28,21.35
576,86.40,21.01,21.17,21.46,21.24,21.31
577,86.55,21.00,21.11,21.47,21.23,21.23
578,86.70,21.01,21.08,21.49,21.24,21.14
579,86.85,21.03,21.05,21.50,21.28,21.07
580,87.00,21.06,21.04,21.50,21.35,21.04
581,87.15,21.08,21.03,21.49,21.43,21.04
582,87.30,21.09,21.02,21.46,21.51,21.07
583,87.45,21.09,20.99,21.43,21.58,21.12
584,87.60,21.08,20.95,21.40,21.63,21.18
585,87.75,21.05,20.91,21.37,21.66,21.23
586,87.90,21.01,20.89,21.35,21.67,21.25
587,88.05,20.95,20.90,21.36,21.66,21.24
588,88.20,20.91,20.93,21.37,21.65,21.20
589,88.35,20.88,20.95,21.38,21.64,21.15
590,88.50,20.90,20.96,21.37,21.63,21.12
591,88.65,20.95,20.95,21.34,21.62,21.10
592,88.80,21.01,20.93,21.31,21.62,21.10
593,88.95,21.06,20.90,21.27,21.62,21.13
594,89.10,21.09,20.86,21.23,21.61,21.16
595,89.25,21.10,20.84,21.20,21.60,21.21
596,89.40,21.10,20.84,21.18,21.60,21.26
597,89.55,21.08,20.86,21.19,21.61,21.30
598,89.70,21.06,20.91,21.21,21.63,21.33
599,89.85,21.06,20.95,21.24,21.65,21.35
600,90.00,21.08,20.97,21.28,21.67,21.37
601,90.15,21.13,20.97,21.31,21.68,21.39
602,90.30,21.17,20.95,21.33,21.68,21.41
603,90.45,21.19,20.92,21.34,21.66,21.44
604,90.60,21.16,20.89,21.33,21.62,21.46
605,90.75,21.09,20.87,21.31,21.57,21.49
606,90.90,21.00,20.87,21.29,21.53,21.50
607,91.05,20.91,20.91,21.27,21.51,21.50
608,91.20,20.83,20.96,21.26,21.50,21.49
609,91.35,20.79,21.01,21.25,21.50,21.48
610,91.50,20.79,21.03,21.25,21.50,21.46
611,91.65,20.85,21.01,21.24,21.49,21.45
612,91.80,20.94,20.97,21.23,21.48,21.44
613,91.95,21.03,20.91,21.23,21.46,21.43
614,92.10,21.09,20.87,21.23,21.42,21.41
615,92.25,21.13,20.84,21.24,21.38,21.37
616,92.40,21.13,20.84,21.24,21.33,21.33
617,92.55,21.12,20.87,21.24,21.29,21.28
618,92.70,21.09,20.92,21.23,21.26,21.25
619,92.85,21.07,20.98,21.21,21.23,21.22
620,93.00,21.08,21.02,21.19,21.21,21.22
621,93.15,21.12,21.02,21.18,21.19,21.24
622,93.30,21.17,21.01,21.17,21.17,21.27
623,93.45,21.22,21.01,21.17,21.16,21.30
624,93.60,21.24,21.05,21.17,21.15,21.33
625,93.75,21.22,21.12,21.17,21.16,21.33
626,93.90,21.18,21.21,21.18,21.17,21.32
627,94.05,21.13,21.30,21.20,21.18,21.29
628,94.20,21.10,21.37,21.23,21.20,21.25
629,94.35,21.08,21.41,21.27,21.21,21.20
630,94.50,21.08,21.41,21.31,21.20,21.16
631,94.65,21.10,21.37,21.35,21.19,21.14
632,94.80,21.14,21.30,21.39,21.16,21.14
633,94.95,21.18,21.22,21.42,21.14,21.17
634,95.10,21.21,21.17,21.43,21.11,21.22
635,95.25,21.22,21.16,21.44,21.10,21.27
636,95.40,21.21,21.17,21.43,21.10,21.33
637,95.55,21.18,21.20,21.40,21.09,21.36
638,95.70,21.13,21.24,21.35,21.07,21.35
639,95.85,21.07,21.28,21.30,21.06,21.31
640,96.00,21.02,21.30,21.25,21.06,21.25
641,96.15,20.98,21.30,21.21,21.08,21.19
642,96.30,20.97,21.27,21.19,21.13,21.15
643,96.45,20.98,21.23,21.18,21.20,21.13
644,96.60,20.99,21.20,21.18,21.27,21.11
645,96.75,21.00,21.18,21.18,21.33,21.10
646,96.90,21.02,21.17,21.18,21.38,21.09
647,97.05,21.05,21.16,21.17,21.40,21.10
648,97.20,21.10,21.13,21.16,21.39,21.11
649,97.35,21.16,21.07,21.14,21.34,21.13
650,97.50,21.23,21.01,21.13,21.28,21.16
651,97.65,21.30,20.96,21.12,21.23,21.19
652,97.80,21.35,20.92,21.12,21.20,21.21
653,97.95,21.39,20.90,21.13,21.21,21.22
654,98.10,21.41,20.90,21.13,21.22,21.22
655,98.25,21.40,20.91,21.13,21.24,21.20
656,98.40,21.37,20.93,21.11,21.26,21.16
657,98.55,21.34,20.94,21.09,21.27,21.11
658,98.70,21.30,20.94,21.06,21.27,21.06
659,98.85,21.26,20.92,21.02,21.26,21.01
660,99.00,21.24,20.89,21.00,21.26,20.98
661,99.15,21.25,20.87,20.98,21.27,20.98
662,99.30,21.29,20.86,21.00,21.30,21.02
663,99.45,21.35,20.88,21.03,21.34,21.09
664,99.60,21.43,20.89,21.07,21.37,21.16
665,99.75,21.51,20.91,21.10,21.38,21.23
666,99.90,21.59,20.91,21.11,21.35,21.27
667,100.05,21.64,20.90,21.12,21.31,21.30
668,100.20,21.66,20.88,21.11,21.25,21.31
669,100.35,21.63,20.83,21.10,21.20,21.30
670,100.50,21.56,20.79,21.08,21.16,21.29
671,100.65,21.47,20.76,21.06,21.14,21.27
672,100.80,21.37,20.77,21.05,21.15,21.26
673,100.95,21.27,20.81,21.04,21.18,21.25
674,101.10,21.19,20.86,21.03,21.22,21.25
675,101.25,21.14,20.90,21.02,21.25,21.25
676,101.40,21.12,20.92,21.00,21.25,21.27
677,101.55,21.13,20.92,20.98,21.24,21.29
678,101.70,21.15,20.91,20.98,21.22,21.31
679,101.85,21.19,20.90,20.98,21.21,21.32
680,102.00,21.24,20.89,21.01,21.21,21.33
681,102.15,21.28,20.89,21.04,21.21,21.34
682,102.30,21.32,20.89,21.07,21.21,21.35
683,102.45,21.35,20.90,21.10,21.22,21.35
684,102.60,21.36,20.92,21.13,21.23,21.36
685,102.75,21.36,20.93,21.13,21.23,21.36
686,102.90,21.34,20.93,21.12,21.22,21.37
687,103.05,21.29,20.92,21.11,21.19,21.37
688,103.20,21.23,20.91,21.10,21.17,21.37
689,103.35,21.15,20.90,21.11,21.15,21.36
690,103.50,21.06,20.91,21.14,21.14,21.34
691,103.65,20.99,20.93,21.19,21.15,21.32
692,103.80,20.96,20.95,21.23,21.16,21.29
693,103.95,20.98,20.99,21.26,21.19,21.27
694,104.10,21.04,21.03,21.27,21.22,21.25
695,104.25,21.12,21.05,21.29,21.26,21.23
696,104.40,21.17,21.06,21.30,21.29,21.21
697,104.55,21.21,21.06,21.33,21.33,21.19
698,104.70,21.22,21.05,21.36,21.36,21.17
699,104.85,21.21,21.07,21.40,21.38,21.14
700,105.00,21.18,21.11,21.43,21.40,21.12
701,105.15,21.15,21.16,21.45,21.41,21.09
702,105.30,21.12,21.21,21.46,21.43,21.08
703,105.45,21.10,21.25,21.44,21.44,21.08
704,105.60,21.09,21.27,21.40,21.45,21.09
705,105.75,21.06,21.29,21.36,21.46,21.11
706,105.90,21.01,21.30,21.33,21.48,21.12
707,106.05,20.95,21.31,21.32,21.50,21.11
708,106.20,20.88,21.32,21.33,21.52,21.11
709,106.35,20.84,21.31,21.35,21.54,21.10
710,106.50,20.83,21.29,21.37,21.54,21.11
711,106.65,20.86,21.25,21.39,21.53,21.12
712,106.80,20.90,21.21,21.38,21.51,21.14
713,106.95,20.94,21.17,21.36,21.47,21.16
714,107.10,20.98,21.13,21.30,21.43,21.18
715,107.25,20.99,21.10,21.25,21.39,21.20
716,107.40,20.96,21.09,21.20,21.35,21.20
717,107.55,20.91,21.11,21.18,21.32,21.19
718,107.70,20.85,21.14,21.19,21.30,21.18
719,107.85,20.82,21.16,21.20,21.28,21.17
720,108.00,20.85,21.17,21.22,21.26,21.16
721,108.15,20.93,21.15,21.24,21.25,21.17
722,108.30,21.03,21.11,21.26,21.24,21.18
723,108.45,21.11,21.06,21.26,21.24,21.19
724,108.60,21.15,21.01,21.25,21.26,21.19
725,108.75,21.16,20.96,21.23,21.27,21.20
726,108.90,21.14,20.91,21.20,21.28,21.22
727,109.05,21.10,20.86,21.18,21.27,21.24
728,109.20,21.06,20.81,21.16,21.25,21.28
729,109.35,21.05,20.76,21.15,21.21,21.31
730,109.50,21.08,20.71,21.12,21.16,21.33
731,109.65,21.16,20.67,21.09,21.10,21.34
732,109.80,21.26,20.64,21.07,21.04,21.34
733,109.95,21.35,20.63,21.05,21.00,21.31
734,110.10,21.40,20.66,21.06,20.98,21.27
735,110.25,21.41,20.71,21.09,20.98,21.22
736,110.40,21.42,20.77,21.12,20.99,21.17
737,110.55,21.42,20.82,21.16,21.02,21.15
738,110.70,21.44,20.85,21.20,21.04,21.15
739,110.85,21.48,20.86,21.22,21.07,21.17
740,111.00,21.56,20.85,21.24,21.09,21.20
741,111.15,21.68,20.82,21.24,21.11,21.22
742,111.30,21.79,20.79,21.22,21.12,21.23
743,111.45,21.86,20.77,21.19,21.12,21.23
744,111.60,21.85,20.77,21.15,21.13,21.22
745,111.75,21.77,20.79,21.10,21.13,21.20
746,111.90,21.66,20.83,21.05,21.12,21.19
747,112.05,21.57,20.86,21.01,21.10,21.18
748,112.20,21.52,20.89,20.99,21.06,21.19
749,112.35,21.51,20.92,20.98,21.02,21.20
750,112.50,21.52,20.95,20.99,20.99,21.21
751,112.65,21.54,20.99,21.02,20.97,21.20
752,112.80,21.56,21.04,21.07,20.99,21.17
753,112.95,21.56,21.10,21.14,21.02,21.14
754,113.10,21.53,21.16,21.21,21.09,21.11
755,113.25,21.47,21.22,21.28,21.17,21.10
756,113.40,21.39,21.26,21.34,21.26,21.11
757,113.55,21.29,21.27,21.37,21.34,21.13
758,113.70,21.18,21.25,21.38,21.39,21.16
759,113.85,21.07,21.20,21.37,21.42,21.20
760,114.00,20.96,21.15,21.35,21.43,21.25
761,114.15,20.86,21.12,21.34,21.42,21.28
762,114.30,20.77,21.12,21.34,21.41,21.30
763,114.45,20.70,21.14,21.35,21.40,21.31
764,114.60,20.65,21.18,21.35,21.38,21.33
765,114.75,20.63,21.22,21.36,21.37,21.34
766,114.90,20.64,21.27,21.35,21.35,21.34
767,115.05,20.68,21.30,21.34,21.34,21.34
768,115.20,20.75,21.31,21.32,21.33,21.34
769,115.35,20.84,21.29,21.29,21.33,21.33
770,115.50,20.92,21.27,21.27,21.33,21.32
771,115.65,20.98,21.24,21.25,21.34,21.32
772,115.80,20.99,21.22,21.26,21.36,21.32
773,115.95,20.99,21.22,21.27,21.37,21.33
774,116.10,21.01,21.22,21.28,21.37,21.33
775,116.25,21.07,21.24,21.29,21.35,21.33
776,116.40,21.15,21.25,21.29,21.31,21.33
777,116.55,21.23,21.24,21.29,21.26,21.32
778,116.70,21.29,21.20,21.28,21.19,21.31
779,116.85,21.32,21.12,21.27,21.11,21.30
780,117.00,21.32,21.02,21.25,21.05,21.30
781,117.15,21.32,20.94,21.24,21.00,21.28
782,117.30,21.31,20.89,21.23,20.97,21.27
783,117.45,21.31,20.86,21.22,20.96,21.25
784,117.60,21.34,20.84,21.20,20.97,21.22
785,117.75,21.39,20.84,21.18,20.97,21.19
786,117.90,21.45,20.84,21.16,20.98,21.16
787,118.05,21.48,20.83,21.14,20.99,21.15
788,118.20,21.46,20.81,21.13,20.99,21.16
789,118.35,21.36,20.77,21.14,20.99,21.20
790,118.50,21.22,20.73,21.16,20.99,21.26
791,118.65,21.07,20.69,21.20,20.98,21.31
792,118.80,20.94,20.66,21.24,20.97,21.35
793,118.95,20.84,20.64,21.29,20.96,21.36
794,119.10,20.79,20.62,21.32,20.95,21.36
795,119.25,20.78,20.59,21.35,20.97,21.35
796,119.40,20.82,20.54,21.35,21.00,21.32
797,119.55,20.87,20.48,21.35,21.04,21.30
798,119.70,20.88,20.42,21.34,21.09,21.28
799,119.85,20.85,20.36,21.32,21.13,21.28
800,120.00,20.77,20.31,21.30,21.16,21.29
801,120.15,20.68,20.30,21.28,21.19,21.30
802,120.30,20.60,20.32,21.24,21.20,21.33
803,120.45,20.55,20.39,21.21,21.19,21.35
804,120.60,20.52,20.48,21.18,21.19,21.37
805,120.75,20.51,20.59,21.17,21.20,21.39
806,120.90,20.52,20.69,21.19,21.23,21.41
807,121.05,20.56,20.78,21.23,21.27,21.42
808,121.20,20.61,20.83,21.27,21.30,21.43
809,121.35,20.69,20.84,21.32,21.31,21.43
810,121.50,20.78,20.81,21.35,21.31,21.42
811,121.65,20.89,20.77,21.38,21.30,21.39
812,121.80,21.00,20.74,21.38,21.29,21.34
813,121.95,21.11,20.74,21.38,21.28,21.26
814,122.10,21.21,20.74,21.36,21.28,21.17
815,122.25,21.27,20.76,21.34,21.29,21.10
816,122.40,21.30,20.76,21.32,21.31,21.08
817,122.55,21.29,20.76,21.31,21.32,21.09
818,122.70,21.26,20.75,21.31,21.33,21.13
819,122.85,21.22,20.75,21.31,21.31,21.18
820,123.00,21.18,20.75,21.30,21.28,21.24
821,123.15,21.15,20.76,21.30,21.23,21.30
822,123.30,21.14,20.78,21.29,21.18,21.34
823,123.45,21.14,20.82,21.27,21.14,21.36
824,123.60,21.17,20.85,21.27,21.12,21.36
825,123.75,21.22,20.88,21.27,21.12,21.35
826,123.90,21.30,20.89,21.29,21.13,21.34
827,124.05,21.39,20.87,21.32,21.16,21.32
828,124.20,21.48,20.84,21.34,21.19,21.30
829,124.35,21.54,20.81,21.33,21.19,21.29
830,124.50,21.56,20.78,21.28,21.17,21.27
831,124.65,21.55,20.76,21.20,21.13,21.27
832,124.80,21.50,20.75,21.12,21.09,21.27
833,124.95,21.44,20.78,21.06,21.05,21.29
834,125.10,21.37,20.83,21.03,21.02,21.31
835,125.25,21.31,20.88,21.02,20.99,21.36
836,125.40,21.28,20.93,21.05,20.98,21.42
837,125.55,21.27,20.96,21.10,20.98,21.50
838,125.70,21.29,20.98,21.15,20.98,21.57
839,125.85,21.30,21.01,21.19,21.00,21.63
840,126.00,21.30,21.05,21.20,21.02,21.65
841,126.15,21.28,21.09,21.18,21.04,21.63
842,126.30,21.25,21.14,21.17,21.07,21.58
843,126.45,21.23,21.18,21.18,21.08,21.50
844,126.60,21.21,21.21,21.22,21.09,21.40
845,126.75,21.20,21.24,21.27,21.08,21.30
846,126.90,21.20,21.27,21.32,21.07,21.22
847,127.05,21.21,21.30,21.36,21.04,21.16
848,127.20,21.21,21.33,21.38,21.01,21.13
849,127.35,21.20,21.36,21.38,20.99,21.12
850,127.50,21.19,21.39,21.36,20.96,21.13
851,127.65,21.16,21.43,21.33,20.95,21.14
852,127.80,21.14,21.45,21.31,20.95,21.17
853,127.95,21.13,21.45,21.31,20.96,21.19
854,128.10,21.14,21.43,21.35,20.99,21.20
855,128.25,21.17,21.39,21.41,21.04,21.21
856,128.40,21.19,21.33,21.46,21.09,21.19
857,128.55,21.20,21.27,21.49,21.14,21.16
858,128.70,21.19,21.21,21.49,21.19,21.12
859,128.85,21.15,21.16,21.46,21.23,21.07
860,129.00,21.09,21.13,21.41,21.26,21.02
861,129.15,21.01,21.13,21.35,21.27,20.98
862,129.30,20.93,21.14,21.29,21.26,20.95
863,129.45,20.87,21.16,21.25,21.24,20.93
864,129.60,20.84,21.17,21.23,21.19,20.94
865,129.75,20.84,21.17,21.22,21.14,20.96
866,129.90,20.87,21.18,21.21,21.09,21.00
867,130.05,20.92,21.18,21.16,21.06,21.06
868,130.20,20.99,21.18,21.09,21.05,21.13
869,130.35,21.07,21.16,21.01,21.05,21.19
870,130.50,21.15,21.14,20.94,21.08,21.25
871,130.65,21.22,21.09,20.90,21.12,21.29
872,130.80,21.27,21.03,20.90,21.17,21.31
873,130.95,21.29,20.98,20.91,21.21,21.31
874,131.10,21.27,20.94,20.95,21.23,21.29
875,131.25,21.23,20.92,20.98,21.24,21.27
876,131.40,21.18,20.91,21.00,21.24,21.25
877,131.55,21.18,20.90,21.01,21.23,21.24
878,131.70,21.21,20.90,20.99,21.22,21.25
879,131.85,21.26,20.90,20.96,21.22,21.28
880,132.00,21.30,20.93,20.94,21.21,21.31
881,132.15,21.29,20.97,20.93,21.20,21.34
882,132.30,21.24,21.03,20.93,21.18,21.36
883,132.45,21.19,21.09,20.94,21.17,21.37
884,132.60,21.15,21.14,20.94,21.16,21.37
885,132.75,21.16,21.17,20.93,21.16,21.35
886,132.90,21.21,21.18,20.91,21.17,21.33
887,133.05,21.29,21.17,20.88,21.18,21.31
888,133.20,21.40,21.14,20.87,21.21,21.31
889,133.35,21.51,21.10,20.86,21.25,21.33
890,133.50,21.57,21.06,20.87,21.29,21.35
891,133.65,21.54,21.02,20.91,21.34,21.39
892,133.80,21.43,20.99,20.97,21.39,21.43
893,133.95,21.29,20.97,21.02,21.44,21.47
894,134.10,21.16,20.97,21.05,21.48,21.50
895,134.25,21.09,20.98,21.04,21.52,21.50
896,134.40,21.06,21.00,21.01,21.55,21.50
897,134.55,21.08,21.02,20.97,21.57,21.50
898,134.70,21.15,21.03,20.93,21.59,21.51
899,134.85,21.23,21.03,20.92,21.60,21.53
900,135.00,21.29,21.03,20.92,21.59,21.56
901,135.15,21.30,21.05,20.93,21.57,21.60
902,135.30,21.23,21.09,20.95,21.53,21.63
903,135.45,21.12,21.14,20.97,21.49,21.67
904,135.60,21.03,21.18,20.98,21.44,21.70
905,135.75,20.99,21.20,20.96,21.41,21.73
906,135.90,20.99,21.21,20.92,21.38,21.75
907,136.05,21.02,21.19,20.89,21.36,21.76
908,136.20,21.05,21.15,20.88,21.36,21.77
909,136.35,21.06,21.11,20.89,21.35,21.76
910,136.50,21.04,21.08,20.93,21.35,21.75
911,136.65,20.98,21.06,20.98,21.34,21.74
912,136.80,20.88,21.07,21.04,21.32,21.73
913,136.95,20.76,21.10,21.08,21.29,21.73
914,137.10,20.66,21.13,21.11,21.25,21.72
915,137.25,20.62,21.16,21.10,21.20,21.71
916,137.40,20.62,21.17,21.07,21.15,21.70
917,137.55,20.65,21.17,21.04,21.09,21.70
918,137.70,20.68,21.16,21.02,21.03,21.71
919,137.85,20.68,21.13,21.04,20.97,21.73
920,138.00,20.66,21.11,21.08,20.92,21.76
921,138.15,20.63,21.09,21.12,20.87,21.79
922,138.30,20.61,21.10,21.16,20.83,21.82
923,138.45,20.59,21.12,21.19,20.81,21.83
924,138.60,20.57,21.16,21.20,20.80,21.83
925,138.75,20.57,21.19,21.21,20.81,21.82
926,138.90,20.58,21.22,21.21,20.83,21.78
927,139.05,20.59,21.24,21.21,20.85,21.73
928,139.20,20.59,21.23,21.21,20.87,21.68
929,139.35,20.58,21.20,21.21,20.86,21.64
930,139.50,20.57,21.15,21.21,20.84,21.60
931,139.65,20.55,21.09,21.21,20.82,21.58
932,139.80,20.53,21.04,21.21,20.81,21.59
933,139.95,20.52,21.00,21.20,20.82,21.62
934,140.10,20.53,20.97,21.19,20.84,21.66
935,140.25,20.56,20.93,21.18,20.87,21.70
936,140.40,20.61,20.88,21.15,20.89,21.73
937,140.55,20.67,20.83,21.13,20.92,21.74
938,140.70,20.74,20.79,21.11,20.93,21.75
939,140.85,20.82,20.76,21.11,20.94,21.74
940,141.00,20.90,20.76,21.11,20.93,21.73
941,141.15,20.97,20.77,21.13,20.93,21.71
942,141.30,21.05,20.79,21.15,20.93,21.70
943,141.45,21.12,20.80,21.19,20.96,21.68
944,141.60,21.18,20.82,21.21,20.98,21.65
945,141.75,21.21,20.82,21.21,21.00,21.61
946,141.90,21.22,20.83,21.19,21.01,21.56
947,142.05,21.21,20.82,21.14,20.99,21.49
948,142.20,21.20,20.79,21.09,20.97,21.43
949,142.35,21.20,20.74,21.04,20.95,21.37
950,142.50,21.24,20.66,21.01,20.93,21.33
951,142.65,21.29,20.57,20.99,20.92,21.30
952,142.80,21.36,20.51,21.00,20.94,21.30
953,142.95,21.44,20.47,21.03,20.98,21.32
954,143.10,21.51,20.47,21.07,21.04,21.36
955,143.25,21.55,20.49,21.10,21.09,21.40
956,143.40,21.56,20.53,21.13,21.12,21.43
957,143.55,21.53,20.58,21.13,21.13,21.44
958,143.70,21.49,20.63,21.13,21.13,21.42
959,143.85,21.47,20.68,21.11,21.11,21.39
960,144.00,21.47,20.73,21.08,21.10,21.34
961,144.15,21.50,20.77,21.06,21.10,21.28
962,144.30,21.54,20.81,21.04,21.11,21.23
963,144.45,21.57,20.87,21.02,21.14,21.19
964,144.60,21.58,20.92,21.02,21.17,21.18
965,144.75,21.58,20.97,21.02,21.20,21.17
966,144.90,21.55,21.01,21.03,21.20,21.15
967,145.05,21.50,21.03,21.04,21.18,21.12
968,145.20,21.44,21.02,21.06,21.14,21.09
969,145.35,21.40,21.00,21.09,21.10,21.08
970,145.50,21.39,20.95,21.14,21.08,21.09
971,145.65,21.42,20.91,21.20,21.07,21.12
972,145.80,21.45,20.88,21.26,21.08,21.16
973,145.95,21.49,20.88,21.30,21.09,21.22
974,146.10,21.52,20.92,21.33,21.10,21.27
975,146.25,21.54,20.98,21.33,21.10,21.31
976,146.40,21.56,21.04,21.32,21.08,21.33
977,146.55,21.56,21.08,21.29,21.05,21.32
978,146.70,21.56,21.11,21.25,21.00,21.29
979,146.85,21.56,21.12,21.20,20.96,21.25
980,147.00,21.56,21.11,21.16,20.93,21.22
981,147.15,21.56,21.08,21.13,20.93,21.21
982,147.30,21.56,21.05,21.11,20.94,21.21
983,147.45,21.57,21.01,21.11,20.96,21.22
984,147.60,21.57,20.99,21.13,20.98,21.24
985,147.75,21.57,20.97,21.16,21.01,21.26
986,147.90,21.56,20.95,21.19,21.03,21.27
987,148.05,21.55,20.91,21.22,21.03,21.27
988,148.20,21.53,20.88,21.23,21.02,21.26
989,148.35,21.50,20.85,21.22,21.01,21.24
990,148.50,21.45,20.85,21.19,21.01,21.24
991,148.65,21.40,20.87,21.12,21.02,21.26
992,148.80,21.34,20.92,21.03,21.04,21.29
993,148.95,21.30,20.98,20.94,21.08,21.32
994,149.10,21.27,21.04,20.84,21.13,21.35
995,149.25,21.26,21.10,20.76,21.17,21.36
996,149.40,21.27,21.14,20.70,21.21,21.37
997,149.55,21.28,21.16,20.67,21.21,21.38
998,149.70,21.28,21.15,20.67,21.19,21.40
999,149.85,21.28,21.13,20.70,21.17,21.43
1000,150.00,21.26,21.09,20.75,21.16,21.46
1001,150.15,21.21,21.06,20.82,21.18,21.49
1002,150.30,21.16,21.02,20.90,21.21,21.51
1003,150.45,21.13,21.00,20.98,21.24,21.53
1004,150.60,21.12,20.99,21.06,21.25,21.52
1005,150.75,21.14,20.99,21.13,21.24,21.49
1006,150.90,21.16,21.01,21.19,21.20,21.45
1007,151.05,21.17,21.03,21.22,21.15,21.40
1008,151.20,21.15,21.06,21.23,21.08,21.36
1009,151.35,21.09,21.08,21.23,21.01,21.31
1010,151.50,21.00,21.09,21.21,20.95,21.26
1011,151.65,20.89,21.09,21.19,20.91,21.21
1012,151.80,20.77,21.08,21.18,20.91,21.17
1013,151.95,20.69,21.06,21.17,20.92,21.12
1014,152.10,20.67,21.03,21.18,20.95,21.09
1015,152.25,20.73,20.99,21.20,20.98,21.07
1016,152.40,20.82,20.95,21.24,21.00,21.05
1017,152.55,20.90,20.90,21.27,21.00,21.05
1018,152.70,20.94,20.86,21.31,20.98,21.07
1019,152.85,20.93,20.83,21.35,20.94,21.08
1020,153.00,20.91,20.80,21.37,20.90,21.08
1021,153.15,20.87,20.78,21.39,20.87,21.05
1022,153.30,20.83,20.77,21.40,20.86,20.99
1023,153.45,20.81,20.77,21.39,20.85,20.92
1024,153.60,20.82,20.79,21.38,20.85,20.84
1025,153.75,20.86,20.82,21.35,20.84,20.78
1026,153.90,20.90,20.87,21.32,20.83,20.74
1027,154.05,20.92,20.92,21.26,20.81,20.74
1028,154.20,20.90,20.97,21.20,20.80,20.78
1029,154.35,20.84,21.00,21.13,20.80,20.86
1030,154.50,20.76,21.02,21.07,20.82,20.95
1031,154.65,20.69,21.01,21.03,20.85,21.04
1032,154.80,20.65,20.98,21.03,20.90,21.11
1033,154.95,20.64,20.94,21.05,20.95,21.17
1034,155.10,20.68,20.91,21.07,20.99,21.22
1035,155.25,20.75,20.90,21.07,21.01,21.26
1036,155.40,20.83,20.92,21.07,20.99,21.29
1037,155.55,20.91,20.96,21.05,20.96,21.31
1038,155.70,20.95,20.99,21.03,20.91,21.32
1039,155.85,20.95,21.01,21.02,20.85,21.32
1040,156.00,20.92,21.02,21.01,20.79,21.32
1041,156.15,20.90,21.00,21.01,20.75,21.29
1042,156.30,20.90,20.97,21.01,20.74,21.26
1043,156.45,20.92,20.92,21.01,20.76,21.23
1044,156.60,20.94,20.88,21.00,20.81,21.20
1045,156.75,20.94,20.85,20.96,20.89,21.19
1046,156.90,20.92,20.85,20.91,20.98,21.20
1047,157.05,20.87,20.85,20.85,21.06,21.21
1048,157.20,20.80,20.86,20.80,21.12,21.24
1049,157.35,20.71,20.87,20.78,21.14,21.27
1050,157.50,20.63,20.87,20.79,21.13,21.28
1051,157.65,20.58,20.87,20.81,21.12,21.28
1052,157.80,20.58,20.86,20.86,21.12,21.25
1053,157.95,20.63,20.85,20.91,21.14,21.20
1054,158.10,20.70,20.85,20.96,21.14,21.15
1055,158.25,20.77,20.86,20.97,21.14,21.12
1056,158.40,20.83,20.89,20.96,21.12,21.12
1057,158.55,20.88,20.92,20.93,21.08,21.13
1058,158.70,20.92,20.94,20.89,21.04,21.15
1059,158.85,20.96,20.93,20.87,21.01,21.17
1060,159.00,20.98,20.90,20.86,20.98,21.18
1061,159.15,20.99,20.85,20.87,20.97,21.18
1062,159.30,20.97,20.79,20.88,21.01,21.16
1063,159.45,20.92,20.73,20.90,21.07,21.13
1064,159.60,20.85,20.69,20.92,21.14,21.11
1065,159.75,20.78,20.69,20.92,21.20,21.10
1066,159.90,20.70,20.73,20.91,21.23,21.12
1067,160.05,20.62,20.80,20.89,21.23,21.16
1068,160.20,20.55,20.86,20.88,21.20,21.20
1069,160.35,20.50,20.90,20.88,21.16,21.23
1070,160.50,20.47,20.90,20.91,21.10,21.24
1071,160.65,20.48,20.89,20.94,21.04,21.24
1072,160.80,20.52,20.85,20.96,21.02,21.23
1073,160.95,20.60,20.82,20.97,21.02,21.22
1074,161.10,20.70,20.79,20.96,21.05,21.21
1075,161.25,20.80,20.78,20.94,21.08,21.20
1076,161.40,20.89,20.78,20.92,21.10,21.20
1077,161.55,20.94,20.80,20.88,21.10,21.20
1078,161.70,20.96,20.81,20.85,21.10,21.20
1079,161.85,20.94,20.83,20.83,21.09,21.18
1080,162.00,20.88,20.83,20.82,21.10,21.16
1081,162.15,20.81,20.82,20.82,21.12,21.13
1082,162.30,20.74,20.81,20.84,21.15,21.11
1083,162.45,20.72,20.81,20.88,21.21,21.12
1084,162.60,20.72,20.82,20.94,21.28,21.16
1085,162.75,20.74,20.85,20.98,21.33,21.21
1086,162.90,20.76,20.92,21.01,21.36,21.29
1087,163.05,20.78,21.01,21.01,21.35,21.37
1088,163.20,20.80,21.11,21.01,21.33,21.44
1089,163.35,20.83,21.18,21.01,21.30,21.48
1090,163.50,20.86,21.20,21.02,21.27,21.48
1091,163.65,20.91,21.19,21.04,21.26,21.46
1092,163.80,20.96,21.16,21.06,21.26,21.42
1093,163.95,21.03,21.13,21.08,21.26,21.38
1094,164.10,21.09,21.11,21.10,21.27,21.36
1095,164.25,21.13,21.11,21.11,21.28,21.35
1096,164.40,21.12,21.12,21.11,21.28,21.36
1097,164.55,21.04,21.15,21.11,21.29,21.39
1098,164.70,20.94,21.19,21.10,21.28,21.42
1099,164.85,20.86,21.22,21.10,21.27,21.44
1100,165.00,20.81,21.23,21.10,21.24,21.46
1101,165.15,20.82,21.21,21.11,21.22,21.46
1102,165.30,20.88,21.19,21.12,21.20,21.46
1103,165.45,20.98,21.17,21.13,21.19,21.46
1104,165.60,21.12,21.16,21.15,21.19,21.47
1105,165.75,21.24,21.17,21.16,21.20,21.49
1106,165.90,21.32,21.20,21.16,21.20,21.51
1107,166.05,21.32,21.24,21.13,21.18,21.52
1108,166.20,21.26,21.29,21.10,21.15,21.54
1109,166.35,21.17,21.33,21.05,21.11,21.54
1110,166.50,21.08,21.35,21.01,21.06,21.53
1111,166.65,21.02,21.34,20.99,21.01,21.50
1112,166.80,21.00,21.31,20.97,20.97,21.47
1113,166.95,21.00,21.27,20.96,20.94,21.44
1114,167.10,21.05,21.23,20.97,20.93,21.42
1115,167.25,21.10,21.20,20.98,20.93,21.40
1116,167.40,21.14,21.18,20.98,20.94,21.39
1117,167.55,21.15,21.19,20.97,20.94,21.40
1118,167.70,21.13,21.21,20.95,20.94,21.42
1119,167.85,21.11,21.23,20.92,20.93,21.44
1120,168.00,21.13,21.23,20.90,20.92,21.47
1121,168.15,21.20,21.19,20.88,20.91,21.48
1122,168.30,21.29,21.13,20.86,20.90,21.49
1123,168.45,21.36,21.07,20.84,20.91,21.49
1124,168.60,21.37,21.02,20.82,20.94,21.47
1125,168.75,21.34,20.99,20.80,20.99,21.45
1126,168.90,21.25,20.98,20.77,21.04,21.42
1127,169.05,21.12,20.97,20.75,21.09,21.37
1128,169.20,20.96,20.99,20.73,21.14,21.32
1129,169.35,20.81,21.00,20.72,21.17,21.27
1130,169.50,20.70,21.01,20.72,21.17,21.22
1131,169.65,20.66,21.00,20.74,21.16,21.19
1132,169.80,20.69,20.98,20.77,21.13,21.17
1133,169.95,20.78,20.94,20.82,21.11,21.16
1134,170.10,20.93,20.90,20.86,21.09,21.15
1135,170.25,21.10,20.85,20.91,21.09,21.15
1136,170.40,21.24,20.81,20.95,21.11,21.14
1137,170.55,21.30,20.79,20.98,21.13,21.13
1138,170.70,21.25,20.79,20.99,21.17,21.12
1139,170.85,21.13,20.81,20.99,21.20,21.11
1140,171.00,21.01,20.84,20.99,21.24,21.09
1141,171.15,20.93,20.86,20.99,21.27,21.06
1142,171.30,20.91,20.88,20.98,21.28,21.04
1143,171.45,20.91,20.91,20.99,21.29,21.01
1144,171.60,20.93,20.94,21.01,21.29,20.97
1145,171.75,20.93,20.98,21.03,21.29,20.94
1146,171.90,20.92,21.02,21.07,21.29,20.92
1147,172.05,20.88,21.05,21.12,21.29,20.91
1148,172.20,20.80,21.08,21.18,21.29,20.92
1149,172.35,20.71,21.09,21.23,21.28,20.94
1150,172.50,20.65,21.09,21.27,21.26,20.99
1151,172.65,20.65,21.07,21.29,21.21,21.04
1152,172.80,20.72,21.02,21.29,21.12,21.11
1153,172.95,20.83,20.97,21.27,21.04,21.17
1154,173.10,20.92,20.94,21.23,20.97,21.20
1155,173.25,20.97,20.92,21.19,20.94,21.19
1156,173.40,20.98,20.92,21.14,20.94,21.16
1157,173.55,20.93,20.93,21.09,20.97,21.13
1158,173.70,20.84,20.95,21.04,21.02,21.11
1159,173.85,20.72,20.96,21.00,21.08,21.11
1160,174.00,20.61,20.97,20.97,21.14,21.14
1161,174.15,20.53,20.97,20.94,21.17,21.19
1162,174.30,20.51,20.95,20.92,21.17,21.26
1163,174.45,20.52,20.94,20.90,21.15,21.33
1164,174.60,20.54,20.93,20.88,21.11,21.39
1165,174.75,20.54,20.95,20.86,21.06,21.43
1166,174.90,20.52,20.98,20.85,21.00,21.45
1167,175.05,20.48,21.01,20.84,20.95,21.45
1168,175.20,20.45,21.04,20.83,20.90,21.46
1169,175.35,20.43,21.05,20.82,20.88,21.47
1170,175.50,20.44,21.06,20.81,20.86,21.49
1171,175.65,20.49,21.06,20.79,20.85,21.49
1172,175.80,20.60,21.06,20.78,20.84,21.49
1173,175.95,20.74,21.07,20.77,20.83,21.47
1174,176.10,20.87,21.09,20.77,20.84,21.44
1175,176.25,20.95,21.12,20.79,20.87,21.41
1176,176.40,20.97,21.14,20.83,20.93,21.37
1177,176.55,20.95,21.17,20.88,20.99,21.34
1178,176.70,20.92,21.17,20.93,21.06,21.33
1179,176.85,20.88,21.15,20.97,21.11,21.33
1180,177.00,20.85,21.12,20.99,21.15,21.35
1181,177.15,20.84,21.10,21.00,21.17,21.37
1182,177.30,20.83,21.10,20.99,21.17,21.38
1183,177.45,20.85,21.13,20.98,21.16,21.37
1184,177.60,20.89,21.17,20.96,21.13,21.34
1185,177.75,20.96,21.20,20.97,21.09,21.29
1186,177.90,21.06,21.22,20.99,21.05,21.22
1187,178.05,21.17,21.21,21.02,21.01,21.16
1188,178.20,21.27,21.18,21.07,20.99,21.10
1189,178.35,21.34,21.11,21.11,21.01,21.08
1190,178.50,21.37,21.02,21.15,21.05,21.09
1191,178.65,21.37,20.94,21.19,21.11,21.10
1192,178.80,21.36,20.88,21.21,21.16,21.10
1193,178.95,21.33,20.86,21.23,21.20,21.09
1194,179.10,21.29,20.86,21.24,21.23,21.07
1195,179.25,21.25,20.87,21.24,21.24,21.05
1196,179.40,21.21,20.89,21.25,21.23,21.04
1197,179.55,21.17,20.89,21.24,21.21,21.05
1198,179.70,21.12,20.88,21.22,21.19,21.05
1199,179.85,21.07,20.85,21.18,21.17,21.06
1200,180.00,21.02,20.80,21.11,21.15,21.06
1201,180.15,20.99,20.76,21.04,21.13,21.06
1202,180.30,21.00,20.73,20.99,21.10,21.04
1203,180.45,21.05,20.74,20.98,21.06,21.00
1204,180.60,21.14,20.77,20.99,21.02,20.96
1205,180.75,21.25,20.79,21.01,20.99,20.92
1206,180.90,21.36,20.80,21.04,20.97,20.90
1207,181.05,21.47,20.78,21.06,20.97,20.91
1208,181.20,21.54,20.75,21.07,20.99,20.93
1209,181.35,21.56,20.73,21.07,21.03,20.96
1210,181.50,21.51,20.72,21.05,21.08,21.01
1211,181.65,21.43,20.72,21.02,21.14,21.07
1212,181.80,21.35,20.75,20.99,21.18,21.12
1213,181.95,21.29,20.78,20.98,21.21,21.15
1214,182.10,21.27,20.83,20.97,21.22,21.17
1215,182.25,21.28,20.89,20.97,21.23,21.17
1216,182.40,21.33,20.93,20.96,21.24,21.17
1217,182.55,21.40,20.96,20.94,21.26,21.16
1218,182.70,21.49,20.97,20.92,21.28,21.15
1219,182.85,21.58,20.98,20.91,21.31,21.16
1220,183.00,21.66,20.99,20.90,21.32,21.17
1221,183.15,21.72,21.00,20.91,21.33,21.19
1222,183.30,21.75,21.01,20.93,21.34,21.23
1223,183.45,21.75,21.04,20.96,21.33,21.27
1224,183.60,21.72,21.07,21.01,21.33,21.31
1225,183.75,21.67,21.10,21.06,21.33,21.35
1226,183.90,21.61,21.11,21.10,21.35,21.40
1227,184.05,21.55,21.10,21.12,21.38,21.44
1228,184.20,21.48,21.07,21.12,21.43,21.48
1229,184.35,21.42,21.03,21.13,21.47,21.50
1230,184.50,21.36,21.01,21.14,21.49,21.50
1231,184.65,21.29,20.99,21.15,21.49,21.48
1232,184.80,21.24,20.99,21.15,21.47,21.43
1233,184.95,21.21,20.99,21.15,21.44,21.37
1234,185.10,21.19,20.99,21.12,21.39,21.31
1235,185.25,21.20,20.99,21.08,21.33,21.25
1236,185.40,21.21,20.99,21.02,21.28,21.20
1237,185.55,21.24,21.00,20.97,21.25,21.18
1238,185.70,21.25,21.00,20.91,21.23,21.18
1239,185.85,21.24,20.99,20.86,21.22,21.19
1240,186.00,21.18,20.97,20.81,21.22,21.21
1241,186.15,21.08,20.92,20.78,21.22,21.23
1242,186.30,20.94,20.87,20.75,21.23,21.25
1243,186.45,20.81,20.81,20.73,21.23,21.26
1244,186.60,20.68,20.75,20.71,21.24,21.25
1245,186.75,20.59,20.71,20.70,21.25,21.23
1246,186.90,20.54,20.68,20.69,21.25,21.20
1247,187.05,20.54,20.67,20.70,21.25,21.17
1248,187.20,20.58,20.68,20.71,21.25,21.14
1249,187.35,20.63,20.70,20.71,21.24,21.12
1250,187.50,20.66,20.72,20.70,21.24,21.09
1251,187.65,20.66,20.74,20.66,21.23,21.07
1252,187.80,20.63,20.75,20.62,21.23,21.05
1253,187.95,20.61,20.76,20.58,21.24,21.05
1254,188.10,20.61,20.77,20.56,21.24,21.06
1255,188.25,20.64,20.77,20.56,21.24,21.08
1256,188.40,20.67,20.78,20.57,21.25,21.11
1257,188.55,20.71,20.80,20.57,21.27,21.15
1258,188.70,20.73,20.83,20.58,21.29,21.20
1259,188.85,20.75,20.85,20.58,21.33,21.25
1260,189.00,20.75,20.88,20.60,21.36,21.28
1261,189.15,20.75,20.89,20.63,21.38,21.28
1262,189.30,20.75,20.89,20.68,21.40,21.27
1263,189.45,20.77,20.90,20.74,21.40,21.24
1264,189.60,20.83,20.91,20.81,21.38,21.21
1265,189.75,20.92,20.93,20.89,21.35,21.18
1266,189.90,21.02,20.96,20.96,21.30,21.15
1267,190.05,21.12,21.00,21.01,21.26,21.14
1268,190.20,21.22,21.04,21.04,21.22,21.15
1269,190.35,21.30,21.08,21.05,21.20,21.18
1270,190.50,21.38,21.12,21.06,21.21,21.20
1271,190.65,21.45,21.14,21.07,21.25,21.21
1272,190.80,21.53,21.15,21.09,21.32,21.22
1273,190.95,21.60,21.15,21.12,21.39,21.23
1274,191.10,21.68,21.12,21.15,21.45,21.25
1275,191.25,21.76,21.09,21.18,21.47,21.28
1276,191.40,21.82,21.04,21.21,21.47,21.32
1277,191.55,21.84,21.00,21.22,21.45,21.35
1278,191.70,21.80,20.96,21.22,21.42,21.37
1279,191.85,21.72,20.94,21.21,21.38,21.38
1280,192.00,21.62,20.92,21.22,21.35,21.37
1281,192.15,21.54,20.90,21.24,21.34,21.35
1282,192.30,21.48,20.88,21.29,21.35,21.31
1283,192.45,21.45,20.86,21.33,21.37,21.28
1284,192.60,21.43,20.82,21.36,21.39,21.25
1285,192.75,21.43,20.76,21.35,21.41,21.24
1286,192.90,21.42,20.68,21.33,21.41,21.24
1287,193.05,21.40,20.61,21.31,21.41,21.23
1288,193.20,21.36,20.54,21.30,21.40,21.21
1289,193.35,21.30,20.49,21.31,21.39,21.18
1290,193.50,21.23,20.46,21.33,21.39,21.14
1291,193.65,21.18,20.43,21.34,21.41,21.10
1292,193.80,21.14,20.40,21.35,21.46,21.08
1293,193.95,21.12,20.37,21.34,21.51,21.07
1294,194.10,21.09,20.34,21.32,21.55,21.07
1295,194.25,21.05,20.31,21.28,21.55,21.09
1296,194.40,21.00,20.29,21.24,21.51,21.11
1297,194.55,20.93,20.29,21.21,21.45,21.12
1298,194.70,20.86,20.30,21.21,21.39,21.11
1299,194.85,20.79,20.33,21.24,21.32,21.07
1300,195.00,20.74,20.37,21.29,21.27,21.02
1301,195.15,20.73,20.41,21.34,21.24,20.97
1302,195.30,20.77,20.44,21.36,21.24,20.94
1303,195.45,20.85,20.45,21.36,21.25,20.93
1304,195.60,20.94,20.47,21.35,21.27,20.93
1305,195.75,21.01,20.48,21.34,21.28,20.94
1306,195.90,21.06,20.50,21.34,21.28,20.95
1307,196.05,21.08,20.52,21.35,21.26,20.95
1308,196.20,21.07,20.55,21.37,21.23,20.94
1309,196.35,21.05,20.59,21.40,21.18,20.93
1310,196.50,21.02,20.62,21.42,21.13,20.91
1311,196.65,21.00,20.66,21.41,21.08,20.92
1312,196.80,20.99,20.69,21.37,21.04,20.95
1313,196.95,21.01,20.71,21.30,21.00,21.02
1314,197.10,21.03,20.74,21.22,20.96,21.09
1315,197.25,21.03,20.76,21.15,20.91,21.14
1316,197.40,21.00,20.79,21.12,20.84,21.16
1317,197.55,20.96,20.82,21.11,20.77,21.14
1318,197.70,20.91,20.84,21.12,20.70,21.10
1319,197.85,20.86,20.85,21.15,20.65,21.03
1320,198.00,20.84,20.84,21.18,20.63,20.96
1321,198.15,20.86,20.83,21.21,20.63,20.91
1322,198.30,20.92,20.82,21.23,20.66,20.90
1323,198.45,21.02,20.81,21.25,20.72,20.94
1324,198.60,21.13,20.82,21.26,20.78,21.00
1325,198.75,21.19,20.83,21.25,20.84,21.06
1326,198.90,21.19,20.85,21.23,20.88,21.10
1327,199.05,21.14,20.87,21.19,20.90,21.11
1328,199.20,21.06,20.89,21.16,20.91,21.11
1329,199.35,21.00,20.89,21.12,20.93,21.13
1330,199.50,20.98,20.89,21.10,20.95,21.16
1331,199.65,20.99,20.88,21.09,20.97,21.20
1332,199.80,21.06,20.88,21.11,21.01,21.26
1333,199.95,21.16,20.88,21.15,21.04,21.31
1334,200.10,21.29,20.89,21.21,21.09,21.37
1335,200.25,21.41,20.90,21.27,21.13,21.40
1336,200.40,21.50,20.91,21.29,21.16,21.40
1337,200.55,21.56,20.90,21.29,21.20,21.38
1338,200.70,21.60,20.90,21.27,21.25,21.35
1339,200.85,21.63,20.89,21.24,21.32,21.32
1340,201.00,21.66,20.88,21.21,21.41,21.31
1341,201.15,21.67,20.86,21.19,21.51,21.32
1342,201.30,21.67,20.85,21.18,21.60,21.35
1343,201.45,21.65,20.85,21.17,21.66,21.39
1344,201.60,21.61,20.86,21.16,21.69,21.45
1345,201.75,21.55,20.86,21.15,21.68,21.48
1346,201.90,21.49,20.85,21.12,21.64,21.49
1347,202.05,21.42,20.83,21.07,21.59,21.46
1348,202.20,21.38,20.81,21.02,21.53,21.41
1349,202.35,21.38,20.79,20.99,21.48,21.36
1350,202.50,21.43,20.77,20.98,21.45,21.33
1351,202.65,21.51,20.75,21.00,21.44,21.32
1352,202.80,21.58,20.74,21.04,21.42,21.31
1353,202.95,21.61,20.74,21.08,21.39,21.30
1354,203.10,21.58,20.74,21.13,21.36,21.29
1355,203.25,21.53,20.76,21.16,21.31,21.26
1356,203.40,21.45,20.80,21.17,21.27,21.24
1357,203.55,21.38,20.85,21.14,21.24,21.21
1358,203.70,21.31,20.91,21.09,21.22,21.18
1359,203.85,21.24,20.97,21.05,21.21,21.15
1360,204.00,21.18,21.00,21.01,21.21,21.13
1361,204.15,21.13,21.02,21.00,21.22,21.12
1362,204.30,21.09,21.03,21.00,21.20,21.10
1363,204.45,21.05,21.03,21.00,21.16,21.08
1364,204.60,21.03,21.02,21.01,21.07,21.06
1365,204.75,21.02,21.03,21.02,20.95,21.04
1366,204.90,21.03,21.04,21.02,20.85,21.03
1367,205.05,21.07,21.07,21.02,20.76,21.03
1368,205.20,21.12,21.11,21.01,20.71,21.04
1369,205.35,21.15,21.16,21.00,20.69,21.05
1370,205.50,21.14,21.19,21.00,20.70,21.07
1371,205.65,21.08,21.22,21.01,20.74,21.09
1372,205.80,21.01,21.24,21.02,20.78,21.11
1373,205.95,20.93,21.25,21.04,20.82,21.13
1374,206.10,20.86,21.26,21.06,20.83,21.15
1375,206.25,20.82,21.27,21.08,20.82,21.17
1376,206.40,20.79,21.27,21.08,20.81,21.19
1377,206.55,20.79,21.27,21.07,20.81,21.20
1378,206.70,20.79,21.26,21.03,20.82,21.22
1379,206.85,20.80,21.24,20.99,20.84,21.22
1380,207.00,20.78,21.21,20.95,20.84,21.21
1381,207.15,20.75,21.17,20.91,20.84,21.20
1382,207.30,20.71,21.12,20.89,20.82,21.18
1383,207.45,20.67,21.09,20.89,20.79,21.16
1384,207.60,20.67,21.07,20.91,20.76,21.15
1385,207.75,20.68,21.08,20.95,20.73,21.15
1386,207.90,20.72,21.10,21.01,20.71,21.16
1387,208.05,20.76,21.12,21.08,20.72,21.16
1388,208.20,20.80,21.14,21.15,20.75,21.16
1389,208.35,20.83,21.16,21.20,20.79,21.15
1390,208.50,20.85,21.18,21.24,20.83,21.13
1391,208.65,20.85,21.20,21.23,20.87,21.11
1392,208.80,20.84,21.22,21.20,20.89,21.08
1393,208.95,20.84,21.23,21.14,20.92,21.06
1394,209.10,20.88,21.25,21.09,20.94,21.04
1395,209.25,20.95,21.26,21.04,20.96,21.04
1396,209.40,21.03,21.27,21.00,20.99,21.05
1397,209.55,21.10,21.28,20.97,21.01,21.05
1398,209.70,21.15,21.27,20.96,21.04,21.05
1399,209.85,21.17,21.25,20.97,21.05,21.04
1400,210.00,21.19,21.23,20.98,21.06,21.03
1401,210.15,21.20,21.19,20.98,21.04,21.02
1402,210.30,21.22,21.16,20.98,21.02,21.00
1403,210.45,21.23,21.12,20.98,20.99,21.00
1404,210.60,21.23,21.08,20.98,20.98,21.01
1405,210.75,21.21,21.04,20.99,21.00,21.04
1406,210.90,21.18,21.01,21.00,21.04,21.07
1407,211.05,21.16,20.98,21.01,21.08,21.10
1408,211.20,21.15,20.96,21.02,21.12,21.12
1409,211.35,21.14,20.94,21.03,21.14,21.12
1410,211.50,21.13,20.92,21.03,21.15,21.13
1411,211.65,21.10,20.91,21.01,21.12,21.15
1412,211.80,21.05,20.90,20.97,21.07,21.18
1413,211.95,21.00,20.88,20.94,21.02,21.22
1414,212.10,20.97,20.86,20.93,20.97,21.25
1415,212.25,20.97,20.81,20.95,20.95,21.28
1416,212.40,21.00,20.76,20.99,20.94,21.30
1417,212.55,21.04,20.70,21.06,20.94,21.31
1418,212.70,21.08,20.66,21.14,20.93,21.30
1419,212.85,21.10,20.63,21.22,20.91,21.28
1420,213.00,21.10,20.62,21.29,20.89,21.25
1421,213.15,21.06,20.63,21.35,20.87,21.24
1422,213.30,20.98,20.67,21.38,20.86,21.24
1423,213.45,20.89,20.72,21.40,20.85,21.25
1424,213.60,20.82,20.77,21.40,20.86,21.26
1425,213.75,20.79,20.80,21.40,20.88,21.26
1426,213.90,20.82,20.82,21.40,20.90,21.26
1427,214.05,20.87,20.83,21.40,20.92,21.24
1428,214.20,20.93,20.85,21.40,20.92,21.23
1429,214.35,20.99,20.87,21.39,20.91,21.22
1430,214.50,21.03,20.90,21.38,20.89,21.21
1431,214.65,21.04,20.93,21.37,20.88,21.21
1432,214.80,21.01,20.94,21.36,20.88,21.23
1433,214.95,20.97,20.94,21.35,20.90,21.25
1434,215.10,20.93,20.92,21.34,20.93,21.26
1435,215.25,20.92,20.89,21.34,20.98,21.26
1436,215.40,20.94,20.86,21.35,21.04,21.23
1437,215.55,20.98,20.82,21.36,21.10,21.19
1438,215.70,21.01,20.79,21.37,21.13,21.15
1439,215.85,21.02,20.78,21.38,21.14,21.11
1440,216.00,20.99,20.79,21.40,21.11,21.08
1441,216.15,20.93,20.79,21.41,21.07,21.07
1442,216.30,20.83,20.79,21.42,21.02,21.08
1443,216.45,20.69,20.77,21.44,20.98,21.12
1444,216.60,20.57,20.75,21.44,20.94,21.17
1445,216.75,20.48,20.73,21.42,20.91,21.22
1446,216.90,20.47,20.72,21.38,20.90,21.26
1447,217.05,20.49,20.71,21.33,20.91,21.29
1448,217.20,20.54,20.72,21.27,20.92,21.32
1449,217.35,20.58,20.76,21.22,20.92,21.34
1450,217.50,20.60,20.81,21.19,20.91,21.36
1451,217.65,20.62,20.87,21.17,20.90,21.37
1452,217.80,20.63,20.93,21.18,20.88,21.37
1453,217.95,20.64,20.97,21.20,20.86,21.36
1454,218.10,20.64,21.00,21.22,20.84,21.35
1455,218.25,20.65,21.03,21.25,20.84,21.35
1456,218.40,20.64,21.08,21.26,20.86,21.37
1457,218.55,20.63,21.13,21.26,20.89,21.41
1458,218.70,20.62,21.18,21.27,20.92,21.45
1459,218.85,20.59,21.22,21.28,20.94,21.50
1460,219.00,20.56,21.24,21.30,20.96,21.54
1461,219.15,20.54,21.25,21.32,20.97,21.57
1462,219.30,20.52,21.24,21.33,21.00,21.58
1463,219.45,20.52,21.23,21.31,21.03,21.57
1464,219.60,20.55,21.22,21.28,21.08,21.54
1465,219.75,20.60,21.21,21.23,21.13,21.50
1466,219.90,20.69,21.22,21.16,21.17,21.44
1467,220.05,20.81,21.24,21.08,21.21,21.37
1468,220.20,20.93,21.26,21.02,21.23,21.29
1469,220.35,21.03,21.26,20.99,21.24,21.21
1470,220.50,21.10,21.24,21.01,21.24,21.14
1471,220.65,21.13,21.21,21.05,21.22,21.08
1472,220.80,21.14,21.16,21.10,21.21,21.03
1473,220.95,21.12,21.10,21.14,21.20,21.00
1474,221.10,21.08,21.04,21.16,21.20,20.99
1475,221.25,21.05,20.98,21.18,21.20,20.98
1476,221.40,21.04,20.94,21.17,21.21,20.97
1477,221.55,21.05,20.92,21.16,21.22,20.96
1478,221.70,21.10,20.92,21.15,21.22,20.93
1479,221.85,21.16,20.92,21.14,21.21,20.89
1480,222.00,21.26,20.93,21.15,21.20,20.85
1481,222.15,21.35,20.93,21.16,21.18,20.80
1482,222.30,21.44,20.93,21.17,21.15,20.76
1483,222.45,21.48,20.93,21.18,21.12,20.72
1484,222.60,21.48,20.94,21.17,21.10,20.71
1485,222.75,21.44,20.94,21.17,21.08,20.70
1486,222.90,21.39,20.94,21.17,21.07,20.70
1487,223.05,21.34,20.93,21.19,21.06,20.72
1488,223.20,21.30,20.92,21.23,21.05,20.74
1489,223.35,21.28,20.92,21.26,21.05,20.78
1490,223.50,21.32,20.92,21.29,21.04,20.83
1491,223.65,21.38,20.94,21.31,21.04,20.89
1492,223.80,21.44,20.96,21.32,21.04,20.95
1493,223.95,21.45,20.99,21.32,21.04,20.99
1494,224.10,21.40,21.01,21.31,21.04,21.01
1495,224.25,21.31,21.03,21.31,21.04,21.01
1496,224.40,21.21,21.06,21.32,21.03,21.01
1497,224.55,21.12,21.09,21.35,21.02,20.99
1498,224.70,21.06,21.12,21.39,21.00,20.98
1499,224.85,21.02,21.14,21.43,20.98,20.97
1500,225.00,21.03,21.14,21.47,20.98,20.98
1501,225.15,21.07,21.11,21.50,20.98,21.00
1502,225.30,21.12,21.08,21.51,20.98,21.02
1503,225.45,21.18,21.03,21.52,20.97,21.04
1504,225.60,21.22,20.97,21.51,20.95,21.04
1505,225.75,21.24,20.92,21.50,20.91,21.04
1506,225.90,21.26,20.87,21.48,20.88,21.03
1507,226.05,21.25,20.83,21.47,20.85,21.04
1508,226.20,21.24,20.79,21.44,20.84,21.05
1509,226.35,21.23,20.77,21.42,20.85,21.08
1510,226.50,21.22,20.76,21.38,20.87,21.12
1511,226.65,21.22,20.76,21.33,20.90,21.17
1512,226.80,21.22,20.76,21.29,20.94,21.22
1513,226.95,21.18,20.76,21.26,20.96,21.26
1514,227.10,21.10,20.76,21.26,20.96,21.27
1515,227.25,20.98,20.75,21.28,20.93,21.26
1516,227.40,20.87,20.74,21.32,20.90,21.24
1517,227.55,20.80,20.74,21.36,20.88,21.23
1518,227.70,20.79,20.74,21.40,20.87,21.23
1519,227.85,20.82,20.74,21.42,20.88,21.23
1520,228.00,20.87,20.74,21.43,20.91,21.25
1521,228.15,20.92,20.74,21.40,20.96,21.26
1522,228.30,20.95,20.72,21.36,21.00,21.26
1523,228.45,20.96,20.71,21.31,21.03,21.28
1524,228.60,20.95,20.69,21.24,21.03,21.29
1525,228.75,20.90,20.68,21.18,21.00,21.32
1526,228.90,20.85,20.67,21.13,20.96,21.34
1527,229.05,20.81,20.66,21.09,20.93,21.36
1528,229.20,20.79,20.67,21.07,20.93,21.38
1529,229.35,20.81,20.69,21.06,20.95,21.39
1530,229.50,20.84,20.70,21.04,20.97,21.38
1531,229.65,20.89,20.72,21.02,21.00,21.36
1532,229.80,20.95,20.74,21.00,21.01,21.31
1533,229.95,21.01,20.75,20.97,21.01,21.26
1534,230.10,21.04,20.74,20.96,21.00,21.21
1535,230.25,21.06,20.72,20.97,20.96,21.16
1536,230.40,21.06,20.69,20.98,20.91,21.12
1537,230.55,21.07,20.66,21.00,20.88,21.08
1538,230.70,21.09,20.62,21.02,20.86,21.05
1539,230.85,21.12,20.59,21.02,20.87,21.03
1540,231.00,21.15,20.57,21.02,20.88,21.01
1541,231.15,21.17,20.57,21.01,20.90,20.99
1542,231.30,21.17,20.59,20.99,20.91,20.99
1543,231.45,21.16,20.63,20.97,20.91,20.99
1544,231.60,21.15,20.66,20.97,20.91,21.00
1545,231.75,21.15,20.67,20.98,20.91,21.02
1546,231.90,21.15,20.68,21.00,20.91,21.05
1547,232.05,21.15,20.68,21.03,20.92,21.07
1548,232.20,21.16,20.67,21.06,20.95,21.07
1549,232.35,21.16,20.67,21.08,20.99,21.06
1550,232.50,21.14,20.65,21.10,21.04,21.04
1551,232.65,21.09,20.63,21.10,21.08,21.02
1552,232.80,20.99,20.59,21.10,21.10,21.01
1553,232.95,20.87,20.55,21.09,21.11,21.00
1554,233.10,20.75,20.51,21.08,21.13,21.01
1555,233.25,20.64,20.47,21.08,21.15,21.02
1556,233.40,20.56,20.45,21.08,21.18,21.03
1557,233.55,20.51,20.46,21.09,21.22,21.05
1558,233.70,20.51,20.49,21.10,21.25,21.06
1559,233.85,20.54,20.54,21.11,21.27,21.07
1560,234.00,20.59,20.61,21.11,21.29,21.08
1561,234.15,20.65,20.68,21.11,21.32,21.10
1562,234.30,20.70,20.73,21.09,21.36,21.13
1563,234.45,20.73,20.75,21.08,21.40,21.16
1564,234.60,20.74,20.76,21.06,21.45,21.18
1565,234.75,20.73,20.75,21.04,21.48,21.19
1566,234.90,20.69,20.72,21.04,21.49,21.18
1567,235.05,20.65,20.69,21.04,21.48,21.15
1568,235.20,20.60,20.65,21.03,21.46,21.12
1569,235.35,20.55,20.61,21.01,21.44,21.09
1570,235.50,20.52,20.58,20.99,21.41,21.06
1571,235.65,20.50,20.56,20.96,21.39,21.04
1572,235.80,20.50,20.54,20.94,21.38,21.03
1573,235.95,20.51,20.53,20.93,21.39,21.02
1574,236.10,20.54,20.54,20.94,21.39,21.02
1575,236.25,20.57,20.58,20.96,21.40,21.01
1576,236.40,20.60,20.64,21.00,21.39,20.98
1577,236.55,20.63,20.72,21.05,21.36,20.96
1578,236.70,20.65,20.79,21.09,21.32,20.94
1579,236.85,20.66,20.83,21.12,21.26,20.93
1580,237.00,20.67,20.84,21.13,21.20,20.94
1581,237.15,20.65,20.82,21.14,21.14,20.95
1582,237.30,20.63,20.79,21.12,21.10,20.96
1583,237.45,20.59,20.75,21.10,21.08,20.96
1584,237.60,20.55,20.72,21.07,21.08,20.96
1585,237.75,20.51,20.69,21.04,21.07,20.95
1586,237.90,20.48,20.68,21.03,21.05,20.93
1587,238.05,20.47,20.69,21.01,21.00,20.92
1588,238.20,20.48,20.69,21.00,20.96,20.92
1589,238.35,20.53,20.68,20.98,20.90,20.94
1590,238.50,20.61,20.66,20.96,20.86,20.98
1591,238.65,20.70,20.63,20.93,20.82,21.02
1592,238.80,20.79,20.61,20.90,20.80,21.06
1593,238.95,20.86,20.59,20.87,20.81,21.08
1594,239.10,20.91,20.59,20.85,20.82,21.09
1595,239.25,20.93,20.60,20.84,20.84,21.09
1596,239.40,20.92,20.63,20.84,20.84,21.08
1597,239.55,20.90,20.66,20.86,20.83,21.07
1598,239.70,20.86,20.69,20.88,20.81,21.07
1599,239.85,20.82,20.69,20.89,20.80,21.07
1600,240.00,20.80,20.67,20.88,20.81,21.09
1601,240.15,20.81,20.64,20.86,20.83,21.11
1602,240.30,20.84,20.62,20.84,20.85,21.14
1603,240.45,20.91,20.63,20.83,20.86,21.16
1604,240.60,21.01,20.66,20.83,20.87,21.20
1605,240.75,21.13,20.69,20.83,20.86,21.23
1606,240.90,21.23,20.73,20.84,20.84,21.27
1607,241.05,21.32,20.74,20.85,20.80,21.32
1608,241.20,21.38,20.75,20.85,20.76,21.35
1609,241.35,21.40,20.75,20.87,20.74,21.36
1610,241.50,21.38,20.75,20.88,20.76,21.34
1611,241.65,21.32,20.76,20.90,20.81,21.29
1612,241.80,21.27,20.77,20.92,20.88,21.25
1613,241.95,21.23,20.80,20.95,20.95,21.24
1614,242.10,21.21,20.84,20.98,21.02,21.26
1615,242.25,21.20,20.89,21.02,21.07,21.29
1616,242.40,21.18,20.94,21.05,21.09,21.32
1617,242.55,21.13,21.00,21.06,21.08,21.34
1618,242.70,21.07,21.05,21.07,21.05,21.33
1619,242.85,21.01,21.09,21.07,21.02,21.32
1620,243.00,20.96,21.09,21.07,21.01,21.31
1621,243.15,20.94,21.06,21.06,21.03,21.30
1622,243.30,20.93,21.01,21.06,21.05,21.30
1623,243.45,20.95,20.95,21.07,21.07,21.33
1624,243.60,20.97,20.87,21.09,21.08,21.39
1625,243.75,21.00,20.80,21.11,21.08,21.45
1626,243.90,21.02,20.74,21.13,21.08,21.50
1627,244.05,21.00,20.72,21.13,21.08,21.52
1628,244.20,20.96,20.72,21.12,21.08,21.51
1629,244.35,20.91,20.73,21.09,21.08,21.48
1630,244.50,20.87,20.75,21.05,21.09,21.44
1631,244.65,20.86,20.76,21.01,21.10,21.40
1632,244.80,20.87,20.77,20.96,21.11,21.37
1633,244.95,20.88,20.79,20.92,21.12,21.38
1634,245.10,20.89,20.83,20.90,21.11,21.42
1635,245.25,20.90,20.86,20.89,21.09,21.48
1636,245.40,20.89,20.90,20.88,21.06,21.54
1637,245.55,20.88,20.91,20.87,21.02,21.58
1638,245.70,20.85,20.89,20.85,20.98,21.57
1639,245.85,20.85,20.85,20.84,20.94,21.56
1640,246.00,20.88,20.80,20.84,20.91,21.55
1641,246.15,20.97,20.74,20.85,20.89,21.57
1642,246.30,21.09,20.70,20.87,20.89,21.60
1643,246.45,21.21,20.67,20.90,20.90,21.63
1644,246.60,21.30,20.69,20.92,20.93,21.66
1645,246.75,21.36,20.75,20.94,20.98,21.67
1646,246.90,21.39,20.83,20.94,21.01,21.66
1647,247.05,21.41,20.91,20.93,21.03,21.64
1648,247.20,21.41,20.97,20.92,21.02,21.59
1649,247.35,21.42,21.02,20.89,20.99,21.54
1650,247.50,21.43,21.07,20.88,20.99,21.50
1651,247.65,21.46,21.11,20.88,21.01,21.47
1652,247.80,21.48,21.14,20.89,21.06,21.45
1653,247.95,21.50,21.18,20.93,21.14,21.45
1654,248.10,21.48,21.21,20.98,21.21,21.44
1655,248.25,21.44,21.24,21.06,21.27,21.43
1656,248.40,21.40,21.25,21.13,21.32,21.41
1657,248.55,21.38,21.24,21.19,21.35,21.38
1658,248.70,21.41,21.19,21.23,21.34,21.34
1659,248.85,21.47,21.13,21.23,21.32,21.30
1660,249.00,21.55,21.08,21.22,21.30,21.25
1661,249.15,21.64,21.06,21.18,21.29,21.22
1662,249.30,21.71,21.07,21.13,21.31,21.19
1663,249.45,21.76,21.11,21.09,21.33,21.17
1664,249.60,21.79,21.14,21.08,21.34,21.15
1665,249.75,21.79,21.18,21.11,21.34,21.13
1666,249.90,21.77,21.20,21.16,21.32,21.12
1667,250.05,21.74,21.20,21.21,21.29,21.12
1668,250.20,21.73,21.19,21.22,21.24,21.14
1669,250.35,21.73,21.17,21.20,21.19,21.17
1670,250.50,21.74,21.16,21.16,21.15,21.22
1671,250.65,21.75,21.16,21.09,21.12,21.27
1672,250.80,21.78,21.18,21.02,21.12,21.31
1673,250.95,21.81,21.21,20.95,21.13,21.34
1674,251.10,21.84,21.21,20.91,21.13,21.36
1675,251.25,21.89,21.19,20.89,21.10,21.36
1676,251.40,21.94,21.15,20.90,21.05,21.35
1677,251.55,21.99,21.10,20.92,21.00,21.35
1678,251.70,22.05,21.06,20.93,20.97,21.35
1679,251.85,22.10,21.04,20.94,20.95,21.37
1680,252.00,22.14,21.04,20.93,20.94,21.41
1681,252.15,22.16,21.06,20.91,20.95,21.46
1682,252.30,22.14,21.09,20.88,20.97,21.53
1683,252.45,22.10,21.13,20.85,20.99,21.60
1684,252.60,22.06,21.14,20.84,21.01,21.66
1685,252.75,22.04,21.13,20.85,21.02,21.69
1686,252.90,22.03,21.09,20.88,21.04,21.70
1687,253.05,22.03,21.04,20.91,21.07,21.69
1688,253.20,22.02,21.02,20.91,21.11,21.67
1689,253.35,22.00,21.03,20.88,21.17,21.66
1690,253.50,21.97,21.07,20.83,21.23,21.65
1691,253.65,21.92,21.12,20.78,21.28,21.63
1692,253.80,21.86,21.18,20.76,21.31,21.62
1693,253.95,21.78,21.23,20.77,21.31,21.59
1694,254.10,21.68,21.27,20.81,21.30,21.57
1695,254.25,21.56,21.28,20.87,21.28,21.54
1696,254.40,21.43,21.26,20.94,21.27,21.51
1697,254.55,21.30,21.24,21.01,21.26,21.47
1698,254.70,21.19,21.21,21.08,21.28,21.43
1699,254.85,21.11,21.20,21.13,21.31,21.39
1700,255.00,21.07,21.19,21.16,21.35,21.34
1701,255.15,21.04,21.19,21.16,21.39,21.28
1702,255.30,21.01,21.18,21.16,21.40,21.22
1703,255.45,20.97,21.16,21.13,21.39,21.16
1704,255.60,20.92,21.14,21.10,21.37,21.10
1705,255.75,20.87,21.11,21.07,21.33,21.05
1706,255.90,20.82,21.07,21.06,21.28,21.01
1707,256.05,20.78,21.03,21.05,21.22,20.99
1708,256.20,20.74,21.01,21.05,21.16,20.99
1709,256.35,20.70,21.00,21.06,21.09,20.99
1710,256.50,20.66,21.02,21.07,21.03,21.01
1711,256.65,20.61,21.05,21.08,20.97,21.01
1712,256.80,20.57,21.06,21.09,20.92,20.99
1713,256.95,20.53,21.07,21.09,20.90,20.95
1714,257.10,20.51,21.06,21.08,20.88,20.89
1715,257.25,20.53,21.03,21.08,20.88,20.85
1716,257.40,20.59,20.98,21.09,20.87,20.84
1717,257.55,20.69,20.92,21.10,20.87,20.85
1718,257.70,20.82,20.87,21.10,20.86,20.88
1719,257.85,20.96,20.83,21.08,20.86,20.91
1720,258.00,21.10,20.82,21.04,20.85,20.93
1721,258.15,21.20,20.82,20.97,20.83,20.95
1722,258.30,21.26,20.84,20.89,20.81,20.97
1723,258.45,21.25,20.86,20.81,20.77,20.99
1724,258.60,21.20,20.89,20.74,20.72,21.02
1725,258.75,21.15,20.93,20.69,20.68,21.06
1726,258.90,21.11,20.96,20.68,20.65,21.10
1727,259.05,21.12,21.00,20.71,20.65,21.15
1728,259.20,21.16,21.02,20.76,20.66,21.19
1729,259.35,21.23,21.04,20.81,20.69,21.21
1730,259.50,21.32,21.04,20.85,20.72,21.20
1731,259.65,21.40,21.03,20.88,20.76,21.17
1732,259.80,21.46,21.02,20.88,20.80,21.12
1733,259.95,21.48,21.01,20.85,20.83,21.08
1734,260.10,21.47,20.99,20.81,20.85,21.04
1735,260.25,21.45,20.98,20.76,20.86,21.02
1736,260.40,21.45,20.97,20.75,20.87,21.04
1737,260.55,21.49,20.96,20.76,20.86,21.09
1738,260.70,21.54,20.95,20.79,20.85,21.15
1739,260.85,21.58,20.94,20.83,20.85,21.19
1740,261.00,21.59,20.94,20.86,20.86,21.19
1741,261.15,21.56,20.94,20.88,20.88,21.16
1742,261.30,21.51,20.95,20.91,20.92,21.10
1743,261.45,21.44,20.96,20.93,20.97,21.04
1744,261.60,21.35,20.98,20.97,21.03,20.99
1745,261.75,21.28,21.00,21.00,21.08,20.95
1746,261.90,21.22,21.02,21.04,21.13,20.92
1747,262.05,21.21,21.03,21.07,21.16,20.91
1748,262.20,21.21,21.03,21.09,21.18,20.92
1749,262.35,21.23,21.01,21.10,21.17,20.93
1750,262.50,21.23,20.99,21.10,21.15,20.94
1751,262.65,21.21,20.95,21.10,21.11,20.96
1752,262.80,21.17,20.91,21.09,21.07,20.99
1753,262.95,21.12,20.89,21.07,21.05,21.03
1754,263.10,21.05,20.88,21.06,21.04,21.08
1755,263.25,20.97,20.87,21.05,21.04,21.13
1756,263.40,20.91,20.87,21.06,21.06,21.19
1757,263.55,20.87,20.86,21.07,21.09,21.24
1758,263.70,20.85,20.84,21.10,21.12,21.27
1759,263.85,20.85,20.81,21.13,21.14,21.28
1760,264.00,20.83,20.78,21.14,21.14,21.27
1761,264.15,20.80,20.74,21.13,21.12,21.24
1762,264.30,20.76,20.70,21.11,21.08,21.20
1763,264.45,20.71,20.66,21.08,21.03,21.17
1764,264.60,20.64,20.65,21.05,20.98,21.14
1765,264.75,20.57,20.65,21.02,20.93,21.13
1766,264.90,20.51,20.66,20.99,20.89,21.14
1767,265.05,20.44,20.68,20.98,20.85,21.16
1768,265.20,20.39,20.71,20.97,20.83,21.19
1769,265.35,20.36,20.74,20.97,20.83,21.24
1770,265.50,20.34,20.76,20.99,20.83,21.28
1771,265.65,20.34,20.78,21.02,20.86,21.32
1772,265.80,20.35,20.78,21.05,20.89,21.36
1773,265.95,20.37,20.79,21.08,20.94,21.39
1774,266.10,20.40,20.79,21.09,20.99,21.41
1775,266.25,20.43,20.80,21.09,21.05,21.42
1776,266.40,20.46,20.81,21.08,21.10,21.42
1777,266.55,20.48,20.82,21.06,21.13,21.40
1778,266.70,20.50,20.82,21.04,21.14,21.38
1779,266.85,20.52,20.82,21.02,21.14,21.34
1780,267.00,20.52,20.83,21.00,21.12,21.30
1781,267.15,20.51,20.85,20.98,21.09,21.26
1782,267.30,20.48,20.88,20.98,21.06,21.22
1783,267.45,20.44,20.92,20.99,21.05,21.21
1784,267.60,20.40,20.97,21.03,21.07,21.22
1785,267.75,20.37,21.03,21.08,21.11,21.25
1786,267.90,20.36,21.08,21.13,21.17,21.30
1787,268.05,20.38,21.11,21.17,21.22,21.34
1788,268.20,20.44,21.11,21.19,21.26,21.35
1789,268.35,20.53,21.08,21.17,21.28,21.33
1790,268.50,20.62,21.03,21.15,21.28,21.29
1791,268.65,20.71,20.97,21.12,21.26,21.24
1792,268.80,20.78,20.91,21.10,21.23,21.18
1793,268.95,20.81,20.86,21.08,21.20,21.13
1794,269.10,20.80,20.83,21.06,21.16,21.09
1795,269.25,20.75,20.83,21.04,21.13,21.05
1796,269.40,20.67,20.85,21.02,21.09,21.02
1797,269.55,20.58,20.88,20.99,21.05,20.99
1798,269.70,20.50,20.90,20.95,21.00,20.96
1799,269.85,20.45,20.90,20.91,20.95,20.93
1800,270.00,20.41,20.90,20.87,20.91,20.89
1801,270.15,20.40,20.90,20.85,20.90,20.87
1802,270.30,20.42,20.88,20.86,20.91,20.85
1803,270.45,20.45,20.87,20.88,20.93,20.84
1804,270.60,20.51,20.86,20.91,20.96,20.83
1805,270.75,20.58,20.86,20.93,20.97,20.83
1806,270.90,20.65,20.86,20.95,20.97,20.83
1807,271.05,20.73,20.85,20.95,20.96,20.83
1808,271.20,20.79,20.82,20.93,20.93,20.83
1809,271.35,20.82,20.78,20.89,20.88,20.81
1810,271.50,20.83,20.74,20.85,20.84,20.81
1811,271.65,20.81,20.71,20.83,20.81,20.81
1812,271.80,20.77,20.72,20.83,20.81,20.85
1813,271.95,20.71,20.74,20.86,20.83,20.89
1814,272.10,20.66,20.78,20.90,20.87,20.93
1815,272.25,20.64,20.82,20.94,20.89,20.96
1816,272.40,20.66,20.85,20.98,20.91,20.97
1817,272.55,20.71,20.85,21.00,20.92,20.97
1818,272.70,20.78,20.83,21.00,20.92,20.97
1819,272.85,20.88,20.76,20.97,20.90,20.99
1820,273.00,20.98,20.68,20.93,20.87,21.01
1821,273.15,21.06,20.61,20.90,20.85,21.02
1822,273.30,21.12,20.57,20.88,20.84,21.01
1823,273.45,21.13,20.56,20.89,20.84,20.99
1824,273.60,21.13,20.57,20.91,20.84,20.97
1825,273.75,21.10,20.59,20.94,20.84,20.95
1826,273.90,21.07,20.60,20.97,20.82,20.94
1827,274.05,21.03,20.61,21.00,20.80,20.95
1828,274.20,21.00,20.60,21.03,20.78,20.98
1829,274.35,20.99,20.56,21.04,20.78,21.01
1830,274.50,20.98,20.51,21.04,20.80,21.05
1831,274.65,20.99,20.47,21.03,20.83,21.07
1832,274.80,21.00,20.46,21.01,20.86,21.06
1833,274.95,21.01,20.48,20.99,20.89,21.03
1834,275.10,21.03,20.52,20.97,20.92,20.98
1835,275.25,21.04,20.57,20.95,20.95,20.93
1836,275.40,21.06,20.60,20.93,20.96,20.90
1837,275.55,21.07,20.61,20.91,20.96,20.89
1838,275.70,21.08,20.62,20.89,20.94,20.90
1839,275.85,21.09,20.61,20.87,20.92,20.94
1840,276.00,21.09,20.60,20.84,20.90,21.00
1841,276.15,21.08,20.61,20.82,20.88,21.06
1842,276.30,21.06,20.64,20.82,20.88,21.12
1843,276.45,21.03,20.70,20.85,20.91,21.15
1844,276.60,21.00,20.78,20.89,20.96,21.17
1845,276.75,20.98,20.85,20.93,21.00,21.18
1846,276.90,20.98,20.90,20.96,21.04,21.18
1847,277.05,21.00,20.93,20.97,21.07,21.17
1848,277.20,21.03,20.95,20.97,21.08,21.15
1849,277.35,21.05,20.96,20.94,21.10,21.12
1850,277.50,21.07,20.97,20.90,21.11,21.08
1851,277.65,21.06,21.00,20.85,21.13,21.04
1852,277.80,21.02,21.04,20.79,21.15,21.00
1853,277.95,20.93,21.09,20.74,21.17,20.97
1854,278.10,20.82,21.15,20.69,21.18,20.95
1855,278.25,20.71,21.20,20.65,21.18,20.94
1856,278.40,20.63,21.22,20.61,21.16,20.96
1857,278.55,20.59,21.22,20.58,21.11,20.98
1858,278.70,20.58,21.20,20.56,21.05,21.02
1859,278.85,20.60,21.19,20.55,21.01,21.06
1860,279.00,20.63,21.20,20.56,20.98,21.10
1861,279.15,20.66,21.22,20.59,20.96,21.12
1862,279.30,20.68,21.24,20.62,20.96,21.12
1863,279.45,20.67,21.25,20.66,20.96,21.10
1864,279.60,20.64,21.23,20.69,20.95,21.05
1865,279.75,20.59,21.20,20.71,20.94,20.99
1866,279.90,20.54,21.14,20.72,20.91,20.91
1867,280.05,20.49,21.06,20.72,20.87,20.84
1868,280.20,20.47,20.99,20.72,20.83,20.78
1869,280.35,20.46,20.94,20.73,20.81,20.75
1870,280.50,20.50,20.94,20.76,20.83,20.76
1871,280.65,20.56,20.98,20.81,20.88,20.81
1872,280.80,20.63,21.03,20.86,20.93,20.87
1873,280.95,20.71,21.06,20.89,20.95,20.93
1874,281.10,20.79,21.06,20.91,20.94,20.97
1875,281.25,20.87,21.04,20.92,20.91,20.99
1876,281.40,20.97,21.02,20.94,20.88,20.99
1877,281.55,21.09,21.00,20.98,20.87,20.99
1878,281.70,21.22,20.98,21.03,20.88,20.98
1879,281.85,21.33,20.97,21.09,20.91,20.96
1880,282.00,21.40,20.96,21.13,20.96,20.93
1881,282.15,21.42,20.96,21.17,21.02,20.91
1882,282.30,21.40,20.95,21.18,21.07,20.89
1883,282.45,21.36,20.93,21.18,21.10,20.87
1884,282.60,21.32,20.90,21.15,21.10,20.86
1885,282.75,21.29,20.87,21.11,21.08,20.86
1886,282.90,21.29,20.84,21.08,21.04,20.87
1887,283.05,21.34,20.82,21.06,21.01,20.87
1888,283.20,21.44,20.83,21.06,20.99,20.89
1889,283.35,21.55,20.84,21.09,20.98,20.92
1890,283.50,21.65,20.87,21.12,20.99,20.98
1891,283.65,21.72,20.90,21.17,21.03,21.07
1892,283.80,21.74,20.92,21.22,21.07,21.17
1893,283.95,21.72,20.92,21.24,21.09,21.26
1894,284.10,21.67,20.89,21.23,21.08,21.31
1895,284.25,21.58,20.83,21.19,21.04,21.34
1896,284.40,21.49,20.77,21.13,21.00,21.34
1897,284.55,21.40,20.72,21.07,20.96,21.32
1898,284.70,21.33,20.70,21.01,20.93,21.30
1899,284.85,21.27,20.68,20.96,20.91,21.29
1900,285.00,21.21,20.67,20.91,20.90,21.28
1901,285.15,21.15,20.66,20.86,20.87,21.28
1902,285.30,21.10,20.64,20.83,20.86,21.30
1903,285.45,21.07,20.64,20.82,20.85,21.33
1904,285.60,21.07,20.65,20.83,20.88,21.38
1905,285.75,21.10,20.68,20.86,20.93,21.43
1906,285.90,21.15,20.71,20.92,20.99,21.47
1907,286.05,21.18,20.73,20.99,21.05,21.49
1908,286.20,21.20,20.73,21.06,21.11,21.49
1909,286.35,21.18,20.71,21.12,21.15,21.47
1910,286.50,21.12,20.69,21.16,21.17,21.44
1911,286.65,21.03,20.67,21.16,21.18,21.43
1912,286.80,20.91,20.66,21.12,21.18,21.42
1913,286.95,20.81,20.67,21.07,21.17,21.40
1914,287.10,20.76,20.70,21.01,21.17,21.38
1915,287.25,20.77,20.75,20.95,21.16,21.35
1916,287.40,20.82,20.82,20.92,21.16,21.30
1917,287.55,20.91,20.88,20.91,21.15,21.26
1918,287.70,21.01,20.93,20.93,21.12,21.22
1919,287.85,21.10,20.96,20.97,21.08,21.18
1920,288.00,21.16,20.99,21.03,21.05,21.17
1921,288.15,21.18,21.00,21.11,21.04,21.18
1922,288.30,21.14,21.02,21.19,21.04,21.21
1923,288.45,21.09,21.03,21.26,21.05,21.24
1924,288.60,21.05,21.02,21.30,21.05,21.27
1925,288.75,21.04,21.01,21.32,21.03,21.28
1926,288.90,21.06,20.97,21.30,20.99,21.26
1927,289.05,21.07,20.93,21.27,20.92,21.23
1928,289.20,21.06,20.86,21.21,20.82,21.18
1929,289.35,21.01,20.79,21.16,20.71,21.13
1930,289.50,20.95,20.72,21.10,20.60,21.08
1931,289.65,20.90,20.68,21.05,20.53,21.06
1932,289.80,20.88,20.69,21.02,20.52,21.07
1933,289.95,20.88,20.71,21.01,20.56,21.10
1934,290.10,20.91,20.76,21.02,20.63,21.14
1935,290.25,20.97,20.80,21.04,20.72,21.18
1936,290.40,21.04,20.83,21.08,20.81,21.20
1937,290.55,21.08,20.83,21.11,20.88,21.20
1938,290.70,21.08,20.79,21.13,20.92,21.16
1939,290.85,21.01,20.72,21.12,20.92,21.07
1940,291.00,20.90,20.62,21.09,20.90,20.97
1941,291.15,20.77,20.51,21.04,20.88,20.87
1942,291.30,20.64,20.43,20.96,20.87,20.81
1943,291.45,20.53,20.37,20.88,20.88,20.78
1944,291.60,20.46,20.33,20.80,20.91,20.77
1945,291.75,20.46,20.33,20.75,20.94,20.76
1946,291.90,20.52,20.34,20.73,20.97,20.76
1947,292.05,20.60,20.38,20.74,20.99,20.76
1948,292.20,20.69,20.43,20.77,21.02,20.76
1949,292.35,20.75,20.48,20.83,21.04,20.76
1950,292.50,20.78,20.53,20.90,21.07,20.77
1951,292.65,20.81,20.59,20.99,21.12,20.79
1952,292.80,20.85,20.65,21.10,21.19,20.83
1953,292.95,20.89,20.70,21.20,21.27,20.88
1954,293.10,20.92,20.71,21.26,21.32,20.90
1955,293.25,20.92,20.66,21.23,21.30,20.86
1956,293.40,20.89,20.53,21.12,21.19,20.76
1957,293.55,20.83,20.39,20.97,21.05,20.63
1958,293.70,20.78,20.28,20.85,20.93,20.53
1959,293.85,20.76,20.25,20.82,20.89,20.51
1960,294.00,20.80,20.31,20.90,20.92,20.57
1961,294.15,20.95,20.42,21.07,21.02,20.69
1962,294.30,21.25,20.55,21.32,21.17,20.85
1963,294.45,21.63,20.66,21.59,21.31,20.99
1964,294.60,21.84,20.67,21.74,21.36,21.05
1965,294.75,21.63,20.48,21.62,21.22,20.95
1966,294.90,20.84,20.06,21.16,20.84,20.65
1967,295.05,19.83,19.58,20.56,20.39,20.28
1968,295.20,19.12,19.28,20.16,20.10,20.05
1969,295.35,19.17,19.39,20.26,20.22,20.16
1970,295.50,20.07,19.94,20.91,20.79,20.64
1971,295.65,21.42,20.81,21.91,21.67,21.40
1972,295.80,22.85,21.84,23.06,22.71,22.33
1973,295.95,23.79,22.64,23.91,23.54,23.07
1974,296.10,23.13,22.08,23.31,23.02,22.52
1975,296.25,19.74,18.89,20.02,19.92,19.44
1976,296.40,13.00,12.33,13.29,13.47,13.10
1977,296.55,6.00,5.47,6.22,6.72,6.47
1978,296.70,3.62,3.23,3.77,4.51,4.36
1979,296.85,10.69,10.49,10.81,11.69,11.60
1980,297.00,29.27,29.37,29.42,30.28,30.20
1981,297.15,51.72,52.19,51.95,52.61,52.47
1982,297.30,63.88,64.58,64.12,64.44,64.19
1983,297.45,52.00,52.55,52.12,52.15,51.83
1984,297.60,29.58,29.79,29.54,29.45,29.08
1985,297.75,15.76,15.67,15.60,15.48,15.12
1986,297.90,-273.15,-273.15,-273.15,-273.15,-273.15
1987,298.05,-273.15,-273.15,-273.15,-273.15,-273.15
1988,298.20,-273.15,-273.15,-273.15,-273.15,-273.15
1989,298.35,-273.15,-273.15,-273.15,-273.15,-273.15
1990,298.50,-273.15,-273.15,-273.15,-273.15,-273.15
1991,298.65,-273.15,-273.15,-273.15,-273.15,-273.15
1992,298.80,-273.15,-273.15,-273.15,-273.15,-273.15
1993,298.95,-273.15,-273.15,-273.15,-273.15,-273.15
1994,299.10,-273.15,-273.15,-273.15,-273.15,-273.15
1995,299.25,-273.15,-273.15,-273.15,-273.15,-273.15
1996,299.40,-273.15,-273.15,-273.15,-273.15,-273.15
1997,299.55,-273.15,-273.15,-273.15,-273.15,-273.15
1998,299.70,-273.15,-273.15,-273.15,-273.15,-273.15
1999,299.85,-273.15,-273.15,-273.15,-273.15,-273.15
2000,300.00,-273.15,-273.15,-273.15,-273.15,-273.15
